filename,width,height,class,xmin,ymin,xmax,ymax
000_14M0LD-e1525732547750-400x250.jpg,400,250,military tank,121,60,220,144
000_14M0LD-e1525732547750-400x250.jpg,400,250,military tank,198,108,371,197
000_1H95VB.width-800.jpg,800,532,military aircraft,30,168,622,505
000_1LC27X-e1570900274807-1024x640.jpg,1024,640,military tank,78,92,858,563
000_1LC27X-e1570900274807-1024x640.jpg,1024,640,military truck,816,288,1012,554
0023ae82ca0f1487c33a46.jpg,900,618,civilian aircraft,5,62,857,590
01-BOAC-Comet-1-G-BOAC-AI-PM-1953-0603-Marvin-G-Goldman-Colln.jpg,1626,1038,civilian aircraft,115,375,1593,784
01-honda-civic-si-sedan.jpg,2480,1600,civilian car,731,551,2222,1385
0101020114.side.jpg,918,516,civilian car,108,160,815,413
010205-F-1631A-001.jpg,780,512,military aircraft,81,185,701,411
013d6ebd2b2951fb52c8ddf18f8de3bf.jpg,400,266,civilian aircraft,5,71,394,222
0158.jpg,3245,2242,civilian aircraft,1828,418,3229,1005
0158.jpg,3245,2242,civilian aircraft,1787,1409,3021,1902
0158.jpg,3245,2242,civilian aircraft,172,76,666,248
0158.jpg,3245,2242,civilian aircraft,905,63,1452,275
0158.jpg,3245,2242,civilian aircraft,185,421,585,593
0158.jpg,3245,2242,civilian aircraft,644,418,1095,633
0158.jpg,3245,2242,civilian aircraft,1129,452,1516,651
0158.jpg,3245,2242,civilian aircraft,147,634,626,915
0158.jpg,3245,2242,civilian aircraft,698,709,1047,893
0158.jpg,3245,2242,civilian aircraft,1108,736,1498,893
01convoy01.jpg,670,434,military truck,37,36,662,417
020307-N-5067K-001.jpg,1600,1198,military helicopter,235,58,1393,1059
022713tank_960x540.jpg,960,540,military tank,136,51,765,499
03-Aerolineas-Argentinas-Comet-4-AI-PM-1959-0516-Marvin-G-Goldman-Colln.jpg,1612,1038,civilian aircraft,48,238,1482,708
03-Aerolineas-Argentinas-Comet-4-AI-PM-1959-0516-Marvin-G-Goldman-Colln.jpg,1612,1038,civilian aircraft,1129,92,1563,235
03d_on12_bell47gfranksteinkohl01_live.jpg,3269,2179,military helicopter,700,752,2731,1556
03helicopters2-span-articleLarge.jpg,600,364,military helicopter,60,40,193,87
03helicopters2-span-articleLarge.jpg,600,364,military helicopter,275,97,366,139
03helicopters2-span-articleLarge.jpg,600,364,military helicopter,358,149,445,185
03helicopters2-span-articleLarge.jpg,600,364,military helicopter,430,55,537,104
03vid-tanks-videoSixteenByNine390.jpg,390,219,military tank,90,86,340,216
04a_sep2019_loadslinghummertrailer_live.jpg,7800,4016,military helicopter,1288,382,4623,2298
04a_sep2019_loadslinghummertrailer_live.jpg,7800,4016,military truck,1357,2456,2887,3414
04truck.jpg,370,232,military truck,61,57,294,203
0521_us_730_3.jpg,319,278,military aircraft,5,49,315,167
0546PA19.jpg,600,400,civilian aircraft,18,63,589,327
06hack4.jpg,370,288,military truck,11,28,356,260
06sd4.jpg,580,379,military helicopter,62,76,424,315
06sd6.jpg,580,388,military helicopter,67,29,496,334
06sd9.jpg,300,300,military helicopter,4,98,260,198
0708hpc-outlook2.jpg,500,335,civilian aircraft,23,63,484,293
071917_0109_redchinacon4.jpg,1225,689,military truck,7,68,359,642
071917_0109_redchinacon4.jpg,1225,689,military truck,374,233,626,578
071917_0109_redchinacon4.jpg,1225,689,military truck,644,296,771,537
071917_0109_redchinacon4.jpg,1225,689,military truck,786,341,838,474
071917_0109_redchinacon4.jpg,1225,689,military truck,851,349,917,451
075cf5d247476d01f7cd71ec359ce8dd.jpg,800,1213,civilian aircraft,21,157,787,1103
07734414.jpg,1920,1162,military aircraft,219,452,964,963
07734414.jpg,1920,1162,military aircraft,1024,267,1762,704
0849601.jpg,1024,780,military helicopter,151,81,976,659
086-car-top-view-vector-free.jpg,600,475,civilian car,57,17,528,462
094-top-view-AAVP-7A1-RAM-RS-HobC2ADbyBoss-82415.jpg,960,720,military tank,161,55,867,456
09atwar-grandfather-1-articleLarge.jpg,600,382,military tank,84,98,591,359
0b28dfae627833f2697dddd956d57558--panzer-iv-military-tank.jpg,235,179,military tank,18,26,221,121
0c1a3269dca7c2a3cddec316466b39a0.jpg,500,333,military helicopter,67,18,471,300
0de8a1c1ce19bc38c5c6b79aca6f074c.jpg,1024,683,civilian aircraft,52,90,954,506
0efe40e2a12d35b5801a0b236d486c58.jpg,550,550,military aircraft,4,48,549,496
0f0c81a7303883289bd9d0e9b468b834.jpg,2130,4780,military tank,261,485,2016,4543
0gDqyrWQxW1AT7h1x.jpg,1620,1034,military tank,312,315,1359,951
0TREpvY3xoDJIKMK8.jpg,1200,755,military tank,589,238,1033,509
0_1346310708840_l.jpg,360,360,military tank,37,89,342,282
0_A-Puma-helicopter-believed-to-have-been-carrying-senior-officers-arrives-at-RAF-Valley-for-a-ceremon.jpg,1200,900,military helicopter,99,200,1158,687
0_BEN-OFFICIAL-20190520-212-631.jpg,615,409,military helicopter,112,91,546,384
0_INDIA-PAKISTAN-KASHMIR-UNREST.jpg,615,410,military truck,11,81,438,348
1(1).jpg,852,480,military tank,144,156,493,300
1(1).jpg,852,480,military tank,24,239,367,396
1(1).jpg,852,480,military tank,20,294,199,457
1(1).jpg,852,480,military truck,384,83,684,217
1(1).jpg,852,480,military truck,607,26,824,172
1(2).jpg,852,480,military truck,14,76,404,397
1(2).jpg,852,480,military truck,483,287,547,407
1(2).jpg,852,480,civilian car,608,360,658,397
1(3).jpg,500,289,civilian aircraft,73,138,450,234
1(3).jpg,500,289,civilian aircraft,27,170,176,227
1(4).jpg,852,480,military helicopter,193,191,473,293
1-129.jpg,1200,628,military truck,14,80,594,288
1-288.jpg,660,440,military truck,95,92,608,365
1-620.jpg,660,440,military truck,48,121,654,396
1-72-Scale-F35-Military-Plane-Model.jpg,300,300,military aircraft,40,53,272,277
1-helicopter-1.jpg,550,254,military helicopter,25,45,409,233
1-image-Mi-26.jpg,600,400,military helicopter,82,87,552,330
1-lexus-ls500h-2018-rt-hero-front_0.jpg,900,596,civilian car,191,220,767,493
1.-turret-1024x836.jpg,1024,836,military tank,128,408,961,783
1.-turret-1024x836.jpg,1024,836,military tank,292,117,867,379
10(2).jpg,853,480,civilian aircraft,345,332,480,406
10(2).jpg,853,480,civilian aircraft,512,337,652,429
10(2).jpg,853,480,civilian aircraft,661,381,729,435
10(2).jpg,853,480,civilian aircraft,738,378,829,446
10(2).jpg,853,480,civilian aircraft,244,329,331,397
10(2).jpg,853,480,civilian aircraft,151,324,227,395
10(2).jpg,853,480,civilian aircraft,268,264,313,292
10(2).jpg,853,480,civilian aircraft,335,272,375,291
10(2).jpg,853,480,civilian aircraft,401,274,445,295
10(2).jpg,853,480,civilian aircraft,548,285,585,311
10(2).jpg,853,480,civilian aircraft,626,288,667,313
10(2).jpg,853,480,civilian aircraft,697,297,744,321
10(2).jpg,853,480,civilian aircraft,770,301,819,324
10(2).jpg,853,480,civilian aircraft,48,248,89,268
10(2).jpg,853,480,civilian aircraft,141,258,199,282
10(2).jpg,853,480,civilian aircraft,5,305,48,354
10(2).jpg,853,480,civilian aircraft,55,312,106,344
10(2).jpg,853,480,civilian aircraft,74,320,148,363
10-helicopter-top-view-silhouette-cover.jpg,1101,707,military helicopter,48,110,286,291
10-helicopter-top-view-silhouette-cover.jpg,1101,707,military helicopter,319,40,538,243
10-helicopter-top-view-silhouette-cover.jpg,1101,707,military helicopter,567,103,787,255
10-helicopter-top-view-silhouette-cover.jpg,1101,707,military helicopter,826,160,1039,297
10-helicopter-top-view-silhouette-cover.jpg,1101,707,military helicopter,58,325,274,484
10-helicopter-top-view-silhouette-cover.jpg,1101,707,military helicopter,316,290,524,429
10-helicopter-top-view-silhouette-cover.jpg,1101,707,military helicopter,566,283,778,457
10-helicopter-top-view-silhouette-cover.jpg,1101,707,military helicopter,855,380,1048,548
10-helicopter-top-view-silhouette-cover.jpg,1101,707,military helicopter,293,462,498,654
10-helicopter-top-view-silhouette-cover.jpg,1101,707,military helicopter,534,486,784,637
10-image-AW109-LUH.jpg,600,400,military helicopter,73,41,439,303
10.20BEML20Multipurpose20Military20vehicle.jpg,800,454,military truck,210,75,735,411
10.20BEML20Multipurpose20Military20vehicle.jpg,800,454,military truck,724,245,783,308
10.20BEML20Multipurpose20Military20vehicle.jpg,800,454,military truck,138,201,204,252
10.20BEML20Multipurpose20Military20vehicle.jpg,800,454,military truck,49,197,118,243
10.20BEML20Multipurpose20Military20vehicle.jpg,800,454,military truck,4,185,45,234
10.20BEML20Multipurpose20Military20vehicle.jpg,800,454,military helicopter,59,56,114,91
10.20BEML20Multipurpose20Military20vehicle.jpg,800,454,military helicopter,2,72,50,105
10.jpg,1480,468,civilian car,238,43,1221,396
100069_580x.jpg,580,579,military tank,31,94,569,481
100680-mahindraxuv300JPG.jpg,849,478,civilian car,5,87,724,453
1010-min.jpg,1384,968,military truck,47,251,1356,809
10164668929_1310550287_1024x1024.jpg,800,800,military tank,12,94,793,552
10195209t2.jpg,707,990,military tank,198,23,675,224
10195209t2.jpg,707,990,military tank,203,255,683,510
10195209t2.jpg,707,990,military tank,28,534,674,738
10195209t2.jpg,707,990,military tank,35,759,281,962
10195209t2.jpg,707,990,military tank,411,752,674,961
1024px-COMAC_C919_-_Commercial_Aircraft_Corporation_Of_China_AN4748979-820x394.jpg,820,394,civilian aircraft,37,97,787,267
1024px-Leo2pso_009.jpg,1024,768,military tank,47,151,1010,680
1024px-YF-23_top_view.jpg,780,622,military aircraft,59,83,689,461
10270691engGBterextrucksrigidhaulersthetr70andtr100arehelpingswecontoexpanditsmachinerangeinsweden-1680x600.jpg,1680,600,military truck,180,26,1421,580
103068869-car-top-view-vector.jpg,321,538,civilian car,34,11,296,529
10331_cc2400_001_PQ_F150_red_712x534._V292176538_.jpg,712,534,civilian car,31,156,687,372
103791628-GettyImages-546918386.jpg,1024,684,military aircraft,35,293,1021,549
103836446_India_jet_FOREIGN_trans_NvBQzQNjv4BqniLs_ck1w-iIu15kYzVq2UgFv3BvQ-SouwQ_s3X3IVI.jpg,2880,1800,military aircraft,114,123,2802,1674
1042600592.jpg,1000,541,military aircraft,131,134,985,402
104578368-GettyImages-486248033.jpg,3500,2312,military aircraft,1178,297,2900,924
104578368-GettyImages-486248033.jpg,3500,2312,military aircraft,134,1018,3472,2200
1046967441.jpg,1000,541,military truck,23,20,872,435
10498583_10154397777405615_1640070484116117544_o.jpg,2048,1327,military truck,744,221,1657,956
1051224457.jpg,1000,541,military truck,179,19,912,466
105202755_1490693538.jpg,631,376,military truck,11,85,609,339
1052051883.jpg,1000,541,military helicopter,32,12,943,397
1053467.jpg,1920,1105,civilian aircraft,165,145,1773,614
1054465381.jpg,1000,541,military truck,9,13,572,484
1054465381.jpg,1000,541,military truck,597,22,995,404
106079145-top-view-of-f22-american-military-fighter-plane-on-white-background-3d-rendering.jpg,1300,1300,military aircraft,206,172,1153,1105
10680a6ad8ff48809cc515df42e2761e_c0x0-1600x686.jpg,1600,686,civilian car,50,209,783,625
106952-cars.jpg,850,478,civilian car,8,3,383,466
106952-cars.jpg,850,478,civilian car,254,9,563,463
106952-cars.jpg,850,478,civilian car,453,16,687,439
1077408135.jpg,1000,541,military truck,37,207,700,443
108604eb3a0246b68039b0d10096a554_c0x0-1600x686.jpg,1600,686,civilian car,356,119,937,415
10889.jpg,400,400,military helicopter,114,44,316,382
10985257071575964677916964634.jpg,750,360,military aircraft,48,17,694,231
10l-image-VT4.jpg,600,400,military tank,50,106,244,177
10l-image-VT4.jpg,600,400,military tank,9,186,389,363
11-9.jpg,1500,968,military truck,56,321,899,730
11-9.jpg,1500,968,military truck,635,291,1482,585
11.jpg,852,480,military tank,102,80,567,206
11.jpg,852,480,military tank,168,196,683,280
11.jpg,852,480,military tank,222,294,849,467
1100639-cover.jpg,466,580,civilian car,62,214,416,352
110071072_mediaitem110071069.jpg,960,540,military aircraft,31,54,937,452
1103576.jpg,800,630,civilian car,35,148,765,483
111217__79003.1415685624.jpg,2000,1020,military helicopter,234,109,1909,929
1120233-cover.jpg,466,580,civilian car,36,190,416,376
112119-main-image.jpg,1120,630,civilian car,30,211,439,499
112119-main-image.jpg,1120,630,civilian car,452,100,1099,494
112711-cbtdwziecu-1549851108.jpg,1200,630,military helicopter,228,218,909,471
113131466-commercial-jet-plane-3d-render-view-from-the-top.jpg,1300,1300,civilian aircraft,35,49,1272,1213
113247d1237381337-4x4s-indian-army-tata-1210-sd-4x4.jpg,513,343,military truck,4,30,459,316
113248d1237381337-4x4s-indian-army-tata-lpta-1615-tc-4x4.jpg,500,345,military truck,44,31,476,305
113360d1237393313-4x4s-indian-army-beml_tatra_truck_defexpo_2004_india_01.jpg,800,600,military truck,146,123,658,512
113388238-desert-gray-old-military-tank-top-down-view.jpg,1300,970,military tank,31,265,1276,729
113895d1237533437-4x4s-indian-army-stallion.jpg,670,422,military truck,102,77,548,332
114296050-car-from-above-top-view-cute-cartoon-car-with-shadows-modern-urban-civilian-vehicle-one-of-the-colle.jpg,1300,1300,civilian car,401,38,900,1281
114296062-car-from-above-top-view-cute-cartoon-car-with-shadows-modern-urban-civilian-vehicle-english-style-si.jpg,1300,1300,civilian car,411,105,898,1185
114296202-transport-set-from-above-top-view-cute-cartoon-cars-with-shadows-modern-urban-civilian-vehicles-coll.jpg,1300,1114,civilian car,153,49,326,485
114296202-transport-set-from-above-top-view-cute-cartoon-cars-with-shadows-modern-urban-civilian-vehicles-coll.jpg,1300,1114,civilian car,559,41,767,490
114296202-transport-set-from-above-top-view-cute-cartoon-cars-with-shadows-modern-urban-civilian-vehicles-coll.jpg,1300,1114,civilian car,945,27,1171,489
114296202-transport-set-from-above-top-view-cute-cartoon-cars-with-shadows-modern-urban-civilian-vehicles-coll.jpg,1300,1114,civilian car,123,577,345,1067
114296202-transport-set-from-above-top-view-cute-cartoon-cars-with-shadows-modern-urban-civilian-vehicles-coll.jpg,1300,1114,civilian car,550,582,770,1072
114296202-transport-set-from-above-top-view-cute-cartoon-cars-with-shadows-modern-urban-civilian-vehicles-coll.jpg,1300,1114,civilian car,970,574,1144,1067
11457.jpg,735,485,military tank,55,49,666,371
117.jpg,630,420,civilian car,37,87,574,383
118757798-military-helicopter-top-view-isolated-on-white-3d-rendering.jpg,1133,1300,military helicopter,141,125,1049,1245
119369.jpg,3648,2736,military tank,262,111,3475,2576
119526_1.jpg,630,630,civilian car,220,188,405,269
12.jpg,852,480,civilian car,750,329,849,415
12.jpg,852,480,military truck,109,45,522,425
12.jpg,852,480,military truck,529,194,625,398
1200px-20060714_defile_blindes_p1040887.jpg,1200,900,military tank,88,248,1176,744
1200px-2013_Moscow_Victory_Day_Parade_282829.jpg,1200,775,military tank,88,168,1188,633
1200px-2015_MCAS_Beaufort_Air_Show_041215-M-CG676-161(1).jpg,1200,800,military truck,90,47,1122,765
1200px-A-10_-_32156159151(1).jpg,1200,815,military aircraft,51,150,1170,656
1200px-AH-64D_Apache_Longbow.jpg,1200,884,military helicopter,215,161,1178,534
1200px-AJAX2C_the_Future_Armoured_Fighting_Vehicle_for_the_British_Army_MOD_45159441.jpg,1200,798,military tank,123,51,1037,738
1200px-ALCOB_Ashok_Leyland_Corporate_Building_in_Guindy2C_Chennai.jpg,1200,960,civilian car,99,801,178,915
1200px-ALCOB_Ashok_Leyland_Corporate_Building_in_Guindy2C_Chennai.jpg,1200,960,civilian car,287,819,368,901
1200px-ALCOB_Ashok_Leyland_Corporate_Building_in_Guindy2C_Chennai.jpg,1200,960,civilian car,560,753,776,941
1200px-ALCOB_Ashok_Leyland_Corporate_Building_in_Guindy2C_Chennai.jpg,1200,960,civilian car,212,816,271,867
1200px-ALCOB_Ashok_Leyland_Corporate_Building_in_Guindy2C_Chennai.jpg,1200,960,civilian car,6,816,67,884
1200px-ALCOB_Ashok_Leyland_Corporate_Building_in_Guindy2C_Chennai.jpg,1200,960,civilian car,933,804,1063,878
1200px-An_air-to-air_left_front_view_of_an_F-111_aircraft_during_a_refueling_mission_over_the_North_Sea_DF-ST-89-03609_28altered29.jpg,1200,811,military aircraft,50,46,1105,687
1200px-A_Royal_Air_Force_Puma_helicopter_over_the_English_countryside.jpg,1200,742,military helicopter,180,146,1125,626
1200px-B-1B_air_refueling.jpg,1200,946,military aircraft,117,90,1047,835
1200px-B-727_Iberia_28cropped29.jpg,1200,800,civilian aircraft,51,199,1184,557
1200px-B-747_Iberia.jpg,1200,800,civilian aircraft,11,202,1177,543
1200px-Buffalo_HJPEG.jpg,1200,960,military truck,59,256,1124,765
1200px-BWP-1_Baltops_2016_0283.jpg,1200,769,military tank,83,287,1157,628
1200px-C-17_test_sortie(1).jpg,1200,857,military aircraft,61,198,1111,663
1200px-C17_Globmaster_refueling_from_KC135_Stratotanker.jpg,1200,795,military aircraft,249,317,943,725
1200px-C47_Skytrain_-_Duxford_D-Day_Show_2014_28cropped29.jpg,1200,684,military aircraft,16,127,1170,495
1200px-Canberra_T_4_MOD_45144929_28cropped29.jpg,1200,778,military aircraft,25,167,1166,664
1200px-CH-46_Sea_Knight_Helicopter.jpg,1200,800,military helicopter,12,48,1177,724
1200px-Decisive_Action_Rotation_13-04_130218-A-ML570-001(1).jpg,1200,800,military tank,29,71,1038,724
1200px-Douglas_A-4E_Skyhawk_of_VA-164_in_flight_over_Vietnam_on_21_November_1967_28643010129.jpg,1200,959,military aircraft,101,275,1128,703
1200px-Duxford_Air_Festival_2017_-_mig1_283484201605129.jpg,1200,793,military aircraft,61,134,1144,687
1200px-F-35A_flight.jpg,1200,798,military aircraft,753,314,1146,607
1200px-F-35A_flight.jpg,1200,798,military aircraft,448,241,736,414
1200px-F-35A_flight.jpg,1200,798,military aircraft,245,198,476,286
1200px-F-35A_flight.jpg,1200,798,military aircraft,139,141,365,242
1200px-FV101_Scorpion_Megapixie.jpg,1200,851,military tank,42,31,1161,776
1200px-LAFD_Bell_412_28cropped29.jpg,1200,825,military helicopter,76,121,1053,718
1200px-Leopard1_Bundeswehr_1983-780x476.jpg,780,476,military tank,178,207,661,465
1200px-Leopard_2_A5_der_Bundeswehr.jpg,1200,803,military tank,58,366,1125,604
1200px-Leopard_2_A5_der_Bundeswehr.jpg,1200,803,military tank,565,165,859,290
1200px-Leopard_2_A5_der_Bundeswehr.jpg,1200,803,military tank,149,210,560,352
1200px-M24_Chaffee_33314_4CV_pic07JPG.jpg,1200,900,military tank,59,112,1143,765
1200px-M60_Patton_Tank_Fort_Lewis_Military_Museum(1).jpg,1200,675,military tank,88,135,1174,536
1200px-MAKS_Airshow_2013_28Ramenskoye_Airport2C_Russia29_28521-0529.jpg,1200,779,military truck,63,179,1185,741
1200px-Mercedes-Benz-Museum_2015-01_by-RaBoe_187.jpg,1200,797,military truck,244,68,1017,720
1200px-Mercedes-Benz-Museum_2015-01_by-RaBoe_187.jpg,1200,797,civilian car,5,222,222,501
1200px-Mounted_Soldier_System_28MSS29.jpg,1200,670,military tank,40,196,1041,603
1200px-N535US_281227479809329.jpg,1200,825,civilian aircraft,38,318,1086,554
1200px-N535US_281227479809329.jpg,1200,825,civilian aircraft,298,52,1073,292
1200px-Northwest_N756NW_DC9JPG.jpg,1200,803,civilian aircraft,25,232,1176,559
1200px-OH-58D_Kiowa_Treetop.jpg,1200,787,military helicopter,18,161,956,546
1200px-OT-64_SKOT.jpg,1200,900,military tank,149,247,986,760
1200px-OT-64_SKOT.jpg,1200,900,military tank,860,270,1184,675
1200px-RAF_Eurofighter_EF-2000_Typhoon_F2_Lofting-1.jpg,1200,796,military aircraft,66,221,1171,642
1200px-Ram_II_tank_Base_Borden_front.jpg,1200,900,military tank,316,137,1022,736
1200px-Ram_II_tank_Base_Borden_front.jpg,1200,900,military tank,7,279,322,666
1200px-Russian_Air_Force_Mi-26_Beltyukov.jpg,1200,799,military aircraft,33,268,1149,554
1200px-Saab_340_G-LGNC_IMG_3425_281171207289329.jpg,1200,846,civilian aircraft,15,274,1176,587
1200px-Sikorsky_S_70A_Firehawk_28cropped29.jpg,1200,720,military helicopter,28,141,1113,553
1200px-SPYDER.jpg,1200,951,military truck,80,90,1145,892
1200px-Stridsvagn_103_Revinge_2013-1.jpg,1200,812,military tank,82,227,1136,635
1200px-T-55_4.jpg,1200,695,military tank,158,93,1124,593
1200px-T-80_tank2C_Engineering_Technologies_2010(1).jpg,1200,800,military tank,69,184,1154,727
1200px-TankAltayT1_28129.jpg,1200,900,military tank,50,11,1144,453
1200px-Toyota_FCV_reveal_25_June_2014_-_by_Bertel_Schmitt_02.jpg,1200,800,civilian car,164,418,1015,703
1200px-Type_69-II_Iraq.jpg,1200,812,military tank,35,268,1132,731
1200px-UH-60_2nd_Squadron2C_2nd_Cavalry_Regiment_28cropped29.jpg,1199,836,military helicopter,4,197,1046,699
1200px-US_Navy_051105-F-5480T-005_An_F-14D_Tomcat_conducts_a_mission_over_the_Persian_Gulf-region.jpg,1200,867,military aircraft,60,109,1140,773
1200px-VW_Polo_airbagged.jpg,1200,604,civilian car,143,226,1054,551
1200px-Waymo_Chrysler_Pacifica_in_Los_Altos2C_2017.jpg,1200,649,civilian car,157,93,971,563
1200px-Waymo_Chrysler_Pacifica_in_Los_Altos2C_2017.jpg,1200,649,civilian car,983,224,1148,316
1200px-Waymo_Chrysler_Pacifica_in_Los_Altos2C_2017.jpg,1200,649,civilian car,810,192,930,284
1200px-Waymo_Chrysler_Pacifica_in_Los_Altos2C_2017.jpg,1200,649,civilian car,50,236,177,338
1200px-Yuma_Proving_Ground2C_Arizona_284218834250429(1).jpg,1200,940,military tank,54,145,1127,829
12022557_1631786917110661_1189723371028766091_o.jpg,1498,700,military helicopter,570,165,1418,411
12022557_1631786917110661_1189723371028766091_o.jpg,1498,700,military helicopter,216,273,770,475
120249379-military-tank-side-and-top-view-isolated-on-white-3d-rendering.jpg,1300,1143,military tank,128,161,1217,598
120249379-military-tank-side-and-top-view-isolated-on-white-3d-rendering.jpg,1300,1143,military tank,90,665,1215,1051
120249435-military-tank-side-and-top-view-isolated-on-white-3d-rendering.jpg,1300,962,military tank,51,67,1245,430
120249435-military-tank-side-and-top-view-isolated-on-white-3d-rendering.jpg,1300,962,military tank,76,496,1225,871
120249460-military-tank-side-and-top-view-isolated-on-white-3d-rendering.jpg,1300,1154,military tank,81,40,1182,534
120249460-military-tank-side-and-top-view-isolated-on-white-3d-rendering.jpg,1300,1154,military tank,85,579,1200,1082
120249525-military-tank-side-and-top-view-isolated-on-white-3d-rendering.jpg,1300,866,military tank,74,54,1216,388
120249525-military-tank-side-and-top-view-isolated-on-white-3d-rendering.jpg,1300,866,military tank,69,433,1217,809
120312_6606.jpg,740,492,military tank,329,205,717,442
120312_6606.jpg,740,492,military tank,138,228,392,363
120312_6606.jpg,740,492,military tank,123,278,197,323
120696131-military-tank-side-and-top-view-isolated-on-white-3d-rendering.jpg,1300,1251,military tank,141,59,1156,588
120696131-military-tank-side-and-top-view-isolated-on-white-3d-rendering.jpg,1300,1251,military tank,123,637,1173,1193
120696132-military-tank-side-and-top-view-isolated-on-white-3d-rendering.jpg,1300,1235,military tank,129,49,1164,584
120696132-military-tank-side-and-top-view-isolated-on-white-3d-rendering.jpg,1300,1235,military tank,108,630,1181,1165
1219-PorscheSpecials-Used-Macan-Desktop.jpg,1800,760,civilian car,973,180,1753,609
122381400-fighter-jet-plane-in-flight-military-aircraft-army-airplane-isolated-on-white-background-top-view-3d.jpg,1300,731,military aircraft,273,151,1072,633
122381407-fighter-jet-plane-in-flight-military-aircraft-army-airplane-isolated-on-white-background-rear-top-vi.jpg,1300,731,military aircraft,166,90,1131,579
124307-pvcefgksqx-1563870185.jpg,1200,630,military aircraft,46,146,1022,486
1243335.jpg,1020,650,military helicopter,50,30,999,566
1243355.jpg,1012,645,military helicopter,34,290,907,499
1280px-usmc-100330-m-6001s-290.jpg,780,488,military tank,15,164,536,323
1280x720_51124p00-nipxb.jpg,1280,720,military helicopter,116,133,1196,609
12lead3.jpg,300,300,military truck,15,97,291,240
12x12-Pic-3.jpg,700,420,military truck,31,36,644,394
1300x551_Top-View-Camera.jpg,1300,551,civilian car,493,177,754,279
1305552-bigthumbnail.jpg,450,311,military aircraft,81,102,359,167
1305552-bigthumbnail.jpg,450,311,military aircraft,206,174,444,295
1309lori1cover.jpg,595,300,military truck,52,1,557,288
1345454046_6c97d12f99_b.jpg,750,1000,military tank,148,46,586,954
13541743-illustration-of-a-military-tank.jpg,1300,641,military tank,119,57,1263,572
13625510-high-detailed-vector-illustration-of-a-modern-military-airplane-top-view-with-six-camouflage-pattern.jpg,1300,1187,military aircraft,709,13,1296,304
13625510-high-detailed-vector-illustration-of-a-modern-military-airplane-top-view-with-six-camouflage-pattern.jpg,1300,1187,military aircraft,27,19,569,322
13625510-high-detailed-vector-illustration-of-a-modern-military-airplane-top-view-with-six-camouflage-pattern.jpg,1300,1187,military aircraft,28,395,576,746
13625510-high-detailed-vector-illustration-of-a-modern-military-airplane-top-view-with-six-camouflage-pattern.jpg,1300,1187,military aircraft,696,388,1266,720
13625510-high-detailed-vector-illustration-of-a-modern-military-airplane-top-view-with-six-camouflage-pattern.jpg,1300,1187,military aircraft,13,820,575,1137
13625510-high-detailed-vector-illustration-of-a-modern-military-airplane-top-view-with-six-camouflage-pattern.jpg,1300,1187,military aircraft,696,821,1256,1140
136903309_15162328297931n.jpg,900,599,military aircraft,10,169,630,407
136926792_15169696659001n.jpg,900,630,military truck,525,216,832,517
136926792_15169696659001n.jpg,900,630,military truck,47,237,434,554
136926792_15169696817431n.jpg,900,552,military truck,68,189,332,482
136926792_15169696817431n.jpg,900,552,military truck,372,290,591,466
136926792_15169696817431n.jpg,900,552,military truck,573,156,665,316
136926792_15169696817431n.jpg,900,552,military truck,846,134,882,187
136926792_15169696817431n.jpg,900,552,military tank,681,174,768,250
1373df35948c7e058aced5480c989885.jpg,900,400,military truck,276,95,709,391
1373df35948c7e058aced5480c989885.jpg,900,400,military truck,143,164,276,281
137622706_15428753995181n.jpg,899,567,civilian aircraft,28,108,870,394
13825c10869331.57816087a9b2a.jpg,1778,1000,military truck,160,111,1629,888
138626352_15761560401421n.jpg,900,592,military helicopter,152,70,843,473
1391360424loadout_abramsm1a1.jpg,550,433,military tank,24,24,533,184
1391360424loadout_abramsm1a1.jpg,550,433,military tank,36,213,533,406
13CHARACTER1-articleLarge.jpg,600,400,military tank,17,6,591,386
14.jpg,1000,1000,military truck,28,253,983,766
1405.jpg,3608,2706,civilian car,136,600,3419,2077
141-1417188_race-car-clipart-birds-eye-view-top-view.jpg,920,980,civilian car,271,28,651,849
141-1417286_red-ferrari-top-view-car-car-png-from.jpg,920,588,civilian car,80,32,846,480
141-1417393_car-top-view-png.jpg,920,473,civilian car,59,42,853,410
142-1427214_jet-fighter-png-pic-military-plane-top-view(1).jpg,920,801,military aircraft,239,44,691,793
1438958d1447389572-mitsubishi-wants-enter-commercial-aircraft-sector-completes-maiden-test-flight-wallpaper04_l.jpg,1920,1080,civilian aircraft,202,396,1820,845
1438961d1447389572-mitsubishi-wants-enter-commercial-aircraft-sector-completes-maiden-test-flight-9.jpg,1024,595,civilian aircraft,88,49,1017,377
144150529-97538053-1551921451.jpg,320,320,military tank,7,62,290,261
1444315991-oxhuntingranch.jpg,1024,768,military tank,139,85,853,536
1447586956m_SPLASH.jpg,499,249,military helicopter,72,7,410,190
1449650017680.jpg,1133,532,military tank,19,14,1111,506
1450501964_nBLkGF_russia-missile-shutterstock-870.jpg,680,450,military truck,303,189,662,358
1450501964_nBLkGF_russia-missile-shutterstock-870.jpg,680,450,military truck,121,251,286,344
1450501964_nBLkGF_russia-missile-shutterstock-870.jpg,680,450,military truck,3,269,110,342
1455307813.3b7213aaa0f562ce540d75f3721bc5d1.jpg,431,210,military helicopter,3,1,374,193
1463pcs-Compatible-font-b-Legoinglys-b-font-Military-font-b-Tank-b-font-Building-Blocks-M1a2.jpg,800,800,military tank,13,39,684,334
1463pcs-Compatible-font-b-Legoinglys-b-font-Military-font-b-Tank-b-font-Building-Blocks-M1a2.jpg,800,800,military tank,303,355,794,765
1474386596.kitain_20160920_173011.jpg,1280,720,military tank,69,234,1265,643
14757444974_582855478e_b.jpg,1024,526,military tank,52,107,727,432
1479527997_boeing-747s-retirement-mode.jpg,685,450,civilian aircraft,28,132,669,328
148387-gadgets-feature-the-best-tanks-and-armoured-fighting-vehicles-of-all-time-image10-7swehcfqho.jpg,320,213,military tank,11,109,148,188
148387-gadgets-feature-the-best-tanks-and-armoured-fighting-vehicles-of-all-time-image12-sd3ryzmvei.jpg,320,213,military tank,30,36,303,183
148387-gadgets-feature-the-best-tanks-and-armoured-fighting-vehicles-of-all-time-image18-alqpcje7lw.jpg,320,213,military tank,11,99,282,198
148387-gadgets-feature-the-best-tanks-and-armoured-fighting-vehicles-of-all-time-image8-gcjwf3f1au.jpg,320,213,military tank,49,84,243,197
148741-gadgets-feature-best-helicopters-and-attack-choppers-of-all-time-image1-wngcpohe7t.jpg,320,213,military helicopter,24,47,280,167
14932711941_5b9bd5767e_b.jpg,1024,729,military aircraft,237,84,935,550
1495315715008.jpg,868,455,civilian aircraft,416,110,814,281
1495315715008.jpg,868,455,civilian aircraft,72,136,147,175
1495315715008.jpg,868,455,civilian aircraft,213,133,308,178
14_09_2015-14-09-up--7.jpg,380,268,military truck,24,62,377,261
15.jpg,1600,1200,military truck,26,65,1444,1063
1501156-336591692.jpg,670,273,military truck,104,118,451,266
1501156-336591692.jpg,670,273,military tank,417,54,663,110
1503946032-gettyimages-517766500.jpg,4238,3139,military aircraft,185,1053,4080,2376
1507572405034-UJIiLPO.jpg,1000,662,military tank,2,170,817,543
1517413892-2922.jpg,620,464,military helicopter,44,91,567,307
152-1526944_t-14-armata-tank-perspective-view-png-clipart.jpg,1967,941,military tank,415,40,1934,870
1523527111Ashok20Leyland.jpg,450,317,military truck,3,5,283,287
1530384251-6388.jpg,620,464,military aircraft,181,81,284,122
1530384251-6388.jpg,620,464,military aircraft,59,86,590,383
1531371005-banner_6-110718.jpg,1920,532,military truck,375,9,1557,525
1534319_1.jpg,630,630,civilian car,37,182,578,469
1537516828-6365.jpg,620,464,military truck,2,24,609,390
15457545295c2257a18af1d.jpg,1242,710,military helicopter,54,34,1230,560
1557559185-921.jpg,620,464,military helicopter,156,83,537,399
1560141504-4692.jpg,620,464,military truck,334,252,615,436
1560335097235.jpg,708,400,military helicopter,92,34,540,235
1573597523.jpg,576,378,civilian car,45,194,194,294
157705-kazakhstan.jpg,1000,600,military helicopter,281,44,943,472
1578086878_6107673115001_6107662231001-vs.jpg,1152,648,civilian car,50,125,745,554
1578086878_6107673115001_6107662231001-vs.jpg,1152,648,civilian car,764,146,1106,412
159-1593487_drawing-airplane-passenger-plane-challenger-350-top-view.jpg,920,955,civilian aircraft,49,36,860,870
1593971-top-view-of-commercial-airplane.jpg,300,300,civilian aircraft,46,12,280,284
1593998-commercial-airplane-top-view-design.jpg,300,300,civilian aircraft,21,9,252,279
15t-video-posterJPG.jpg,1103,622,military helicopter,32,59,914,439
160301194340-plane-spotting-2.jpg,2000,1333,civilian aircraft,155,292,1473,584
160727135112-iconic-aircraft-a300-paris-airshow--88555561-super-169.jpg,1100,619,civilian aircraft,167,30,1010,284
160727135112-iconic-aircraft-a300-paris-airshow--88555561-super-169.jpg,1100,619,civilian aircraft,2,226,1092,579
161356-indian-army-tank.jpg,700,400,military tank,42,79,686,366
161356-indian-army-tank.jpg,700,400,military tank,2,25,122,166
16291440761565458664F_15E_US_Air_Force_Fighter_Jet_Plane_Bomber_Aircraft_Aviation_HD_Wallpaper_DownloadAllWallpapers.com.jpg,640,360,military aircraft,139,71,521,332
16487790_10154963179444919_8219170293458517672_o-1024x682.jpg,1024,682,civilian aircraft,15,104,1003,644
16582468309620761590.jpg,900,511,military truck,553,53,878,499
16582468309620761590.jpg,900,511,military truck,77,47,437,481
169007_one.jpg,756,636,military tank,37,75,729,341
169007_one.jpg,756,636,military tank,30,362,735,623
169384-10238142.jpg,800,533,civilian aircraft,18,169,748,429
16army.jpg,400,270,military truck,13,68,272,263
16army.jpg,400,270,military truck,274,118,350,251
16army.jpg,400,270,military truck,347,126,398,222
170628-F-CV286-213JPG.jpg,780,520,military helicopter,228,92,583,224
170907102349-israel-f-16-jet-file-large-169.jpg,460,259,military aircraft,16,7,424,215
170923_gma_reshef1_16x9_992.jpg,992,558,military helicopter,236,79,852,410
1716752-indian-armed-forces-army-navy-airforce-vehicle-thread-capture.jpg,741,408,military truck,137,60,665,353
1716752-indian-armed-forces-army-navy-airforce-vehicle-thread-capture.jpg,741,408,civilian car,37,162,165,232
1737451_1(1).jpg,630,630,military truck,257,210,396,299
173753-13638853.jpg,1232,1232,civilian aircraft,160,365,1080,866
17424257_303.jpg,700,394,military aircraft,45,101,651,269
175-1752916_clipart-plane-military-plane-jas-39-gripen-png.jpg,900,279,military aircraft,44,43,857,256
176e008e1dad1f10448fa4aa177984eb.jpg,1024,776,military helicopter,3,27,1013,733
177567940.jpg,450,470,civilian car,46,22,99,138
177567940.jpg,450,470,civilian car,144,23,200,141
177567940.jpg,450,470,civilian car,252,39,304,146
177567940.jpg,450,470,civilian car,347,20,395,148
177567940.jpg,450,470,civilian car,49,164,100,290
177567940.jpg,450,470,civilian car,144,161,200,286
177567940.jpg,450,470,civilian car,252,164,302,287
177567940.jpg,450,470,civilian car,349,165,402,292
177567940.jpg,450,470,civilian car,48,313,99,422
177567940.jpg,450,470,civilian car,146,309,200,432
177567940.jpg,450,470,civilian car,249,311,308,435
177567940.jpg,450,470,civilian car,351,308,399,427
1798848d1536963912-mercedes-unimogs-india-img_20170617_201707870_hdr.jpg,4160,2340,military tank,2334,639,4043,2061
1798848d1536963912-mercedes-unimogs-india-img_20170617_201707870_hdr.jpg,4160,2340,military truck,167,531,2550,1923
17c3e965dc15750e0267c140d9ff1597.jpg,450,300,military truck,21,38,286,287
17c3e965dc15750e0267c140d9ff1597.jpg,450,300,military truck,286,116,363,201
17e116377e7833b4cb3ca441bf31d8b5.jpg,2593,5473,military tank,439,569,2189,4259
18-1503066102-ah-64e-4.jpg,600,450,military helicopter,9,61,571,304
18-fighter-jet-military-plane-airplane-usa-hd-widescreen.jpg,1700,1213,military aircraft,187,256,1592,841
180306104750-airplane-antonov-an-26-file-restricted-large-169.jpg,460,259,military aircraft,25,70,413,169
180705-embraer-630x378.jpg,630,378,civilian aircraft,114,69,516,156
180705-embraer-630x378.jpg,630,378,civilian aircraft,14,132,491,264
18086241.jpg,4448,2760,military helicopter,458,709,4110,1798
180917195319-russian-il-20-plane-large-169.jpg,460,259,military aircraft,51,56,440,169
181005113518-s-400-triumf-surface-to-air-missile-exlarge-169.jpg,780,438,military truck,10,86,756,430
181011-f-35-fighter-jet-ac-644p_c375e6eda565f76c655283864759d229.fit-760w.jpg,760,506,military aircraft,65,85,693,370
18214576_303.jpg,700,394,military truck,35,77,452,363
1828245.jpg,1024,600,civilian car,70,66,982,518
1828416.jpg,600,297,civilian car,11,9,586,281
18352d1212330981-nissan-4w73-aka-1-ton-24042008027.jpg,1600,1200,military truck,237,167,1555,1050
18533NX_HERO__20453.1573239585.jpg,288,300,military tank,83,179,231,269
18582510483_321f2b1f7a_b.jpg,1024,768,military helicopter,209,253,613,551
18669083_303.jpg,700,394,military aircraft,465,226,574,271
18669083_303.jpg,700,394,military aircraft,472,191,577,234
18669083_303.jpg,700,394,military aircraft,462,160,544,210
18669083_303.jpg,700,394,military aircraft,345,97,453,160
18891900-10155147445475944-2966483851403758582-o-1518561682.jpg,1600,1061,military aircraft,242,542,625,672
18891900-10155147445475944-2966483851403758582-o-1518561682.jpg,1600,1061,military aircraft,544,661,791,797
18891900-10155147445475944-2966483851403758582-o-1518561682.jpg,1600,1061,military aircraft,877,542,1304,962
18891900-10155147445475944-2966483851403758582-o-1518561682.jpg,1600,1061,military aircraft,103,113,1418,517
18909236_303.jpg,700,394,military aircraft,80,98,640,250
190605232252-an-32-aircraft-file-large-169.jpg,460,259,military aircraft,38,52,316,175
190703-tank-lincoln-memorial-army-ac-420p_e380b53db8372d00a3e581d041f7cbf6.fit-760w.jpg,760,514,military tank,106,111,511,317
190922-f-ey492-118-2_crop.jpg,1250,420,military aircraft,47,8,1226,300
190922-Z-TJ719-301JPG.jpg,400,265,military helicopter,33,6,327,151
190922-Z-TJ719-301JPG.jpg,400,265,military truck,168,181,298,255
191020-fort-stewart-bradley-fighting-vehicle-cs-1233p_31f3f147195974dd5dc2d0262c8e7688.jpg,2500,1414,military tank,1135,581,2172,1272
191020-fort-stewart-bradley-fighting-vehicle-cs-1233p_31f3f147195974dd5dc2d0262c8e7688.jpg,2500,1414,military tank,519,822,813,1016
191020-fort-stewart-bradley-fighting-vehicle-cs-1233p_31f3f147195974dd5dc2d0262c8e7688.jpg,2500,1414,military tank,332,896,447,993
191126104306-01-mali-france-eurocopter-tiger-file-large-169.jpg,460,259,military helicopter,4,40,394,166
1911_PrestigeAuction_LandingPageHeader_1900x655px_NoOverlayjpgaspx.jpg,1200,414,civilian car,357,39,878,351
191205-TH-CH-tanks-1000.jpg,1000,667,military tank,113,270,952,625
191205-TH-CH-tanks-1000.jpg,1000,667,military tank,185,181,367,304
191211-M-GL635-006.jpg,1164,420,military truck,630,11,861,172
191211-M-GL635-006.jpg,1164,420,military truck,86,28,615,358
191212111813667a3593963i.jpg,800,532,military helicopter,75,103,708,416
1930s-40s-6-x-4-Repro-German-RP-Panzer.jpg,400,271,military tank,92,115,129,150
1930s-40s-6-x-4-Repro-German-RP-Panzer.jpg,400,271,military tank,153,106,373,248
19447NX_HERO__76984.1567178382.jpg,300,300,military aircraft,41,92,266,231
1948.jpg,620,372,military aircraft,80,119,553,225
1952_Dodge_M37_4x4_Army_Military_Truck_El-Paso_2012-06-072012.49.10.jpg,960,576,military truck,102,21,898,495
1952_Dodge_M37_4x4_Army_Military_Truck_El-Paso_2012-06-072012.49.10.jpg,960,576,civilian car,11,7,334,182
19878346-3d-of-various-isolated-cars-top-view-position.jpg,1300,909,civilian car,40,71,378,215
19878346-3d-of-various-isolated-cars-top-view-position.jpg,1300,909,civilian car,451,83,798,221
19878346-3d-of-various-isolated-cars-top-view-position.jpg,1300,909,civilian car,859,65,1235,222
19878346-3d-of-various-isolated-cars-top-view-position.jpg,1300,909,civilian car,43,285,392,443
19878346-3d-of-various-isolated-cars-top-view-position.jpg,1300,909,civilian car,458,275,812,450
19878346-3d-of-various-isolated-cars-top-view-position.jpg,1300,909,civilian car,846,284,1255,457
19878346-3d-of-various-isolated-cars-top-view-position.jpg,1300,909,civilian car,871,494,1243,658
19878346-3d-of-various-isolated-cars-top-view-position.jpg,1300,909,civilian car,434,494,808,642
19878346-3d-of-various-isolated-cars-top-view-position.jpg,1300,909,civilian car,29,498,385,657
19878346-3d-of-various-isolated-cars-top-view-position.jpg,1300,909,civilian car,39,709,400,867
19878346-3d-of-various-isolated-cars-top-view-position.jpg,1300,909,civilian car,458,697,815,886
19878346-3d-of-various-isolated-cars-top-view-position.jpg,1300,909,civilian car,854,691,1239,870
1996.jpg,580,327,civilian aircraft,94,42,574,272
19isis2.jpg,300,300,military truck,10,57,292,289
19modi-tank3.jpg,670,488,military tank,33,95,651,483
19modi-tank4.jpg,670,447,military tank,21,131,647,415
19modi-tank7.jpg,670,469,military tank,25,127,654,454
19_04_2019_013_004.jpg,2516,2042,military truck,872,91,1542,822
19_04_2019_013_004.jpg,2516,2042,military truck,1395,72,2067,745
19_04_2019_013_004.jpg,2516,2042,military truck,1980,94,2445,684
19_07_2019-t129-atak_19414958_23355920.jpg,650,540,military helicopter,60,72,572,479
1abb95c8dca7dc5900b30134c3f0e1c2.jpg,800,468,military tank,96,102,779,380
1ae8305b1440474b8cf4b16cadc82d52_c0x0-1600x686.jpg,1600,686,civilian car,482,208,1268,556
1c0ae2205709722b62e843abc0471a55_XL.jpg,820,300,civilian aircraft,276,54,607,250
1c9731fb1a5b4f53ba13c5b5f14d5b81_c0x0-720x720.jpg,720,720,civilian car,98,355,574,600
1convoy.jpg,1300,957,military truck,533,213,1271,708
1d52bb2b7f50c088e299598865f719e7.jpg,1266,1262,civilian aircraft,154,280,1217,1028
1d98a84b05bcc76dc3b12b7bc183d31e.jpg,1400,946,military aircraft,126,164,717,596
1d98a84b05bcc76dc3b12b7bc183d31e.jpg,1400,946,military aircraft,648,289,1343,776
1dd71a68-1b4a-11ea-8971-922fdc94075f_image_hires_175541JPG.jpg,768,768,military tank,59,372,759,718
1ffe94522f74d9e1d5c108ba1bb89c7b.jpg,666,442,military aircraft,63,6,589,411
1l-image-102.jpg,600,400,military tank,18,65,567,372
1l-image-2S35-Koalitsiya-SV.jpg,600,400,military tank,16,13,559,384
1l-Image-Abrams-M1A2-SEPV3-.jpg,800,600,military tank,29,116,787,519
1l-image-Magni-Multi-Rotor-Micro-Drone-800x600.jpg,800,600,military helicopter,99,138,676,532
1l-image-Mi-24P-1M.jpg,800,600,military helicopter,2,4,793,444
1l-Image.jpg,800,600,military tank,15,116,662,485
1l-Leopard-2-A7.jpg,600,400,military tank,78,74,548,312
1M1A5533.jpg,1000,667,military truck,203,105,768,549
1M1A5533.jpg,1000,667,civilian car,811,233,986,396
1M1A5533.jpg,1000,667,civilian car,4,265,43,312
1st_Armoured_Div_28AWM_02547329.jpg,638,478,military tank,9,149,287,414
1st_Armoured_Div_28AWM_02547329.jpg,638,478,military tank,170,119,394,335
1st_Armoured_Div_28AWM_02547329.jpg,638,478,military tank,357,127,533,280
1st_Armoured_Div_28AWM_02547329.jpg,638,478,military tank,479,128,588,246
1st_Fighter_Wing_hosts_coalition_aerial_exercise_28329.jpg,4928,3280,military aircraft,3427,478,4720,872
1st_Fighter_Wing_hosts_coalition_aerial_exercise_28329.jpg,4928,3280,military aircraft,2742,887,4081,1374
1st_Fighter_Wing_hosts_coalition_aerial_exercise_28329.jpg,4928,3280,military aircraft,1605,1458,3345,2140
1st_Fighter_Wing_hosts_coalition_aerial_exercise_28329.jpg,4928,3280,military aircraft,212,2163,2483,2832
1X0A9550-1024x474.jpg,1024,474,military helicopter,201,136,929,391
1_16a0842c3b7.2003837_3834054413_16a0842c3b7_large.jpg,750,563,civilian aircraft,20,13,716,227
1_dd6316f1-e9c3-4658-a623-5318e60c76a4_300x300.jpg,300,300,military tank,19,58,291,218
1_ms_1.jpg,746,477,military tank,460,147,724,463
1_ms_1.jpg,746,477,military tank,199,167,408,394
1_ms_1.jpg,746,477,military tank,74,186,210,362
1_ms_1.jpg,746,477,military tank,2,209,71,335
2-1-4.jpg,660,440,civilian car,16,12,642,407
2-Figure1-1(1).jpg,674,490,military helicopter,99,29,585,252
2-Figure2-1.jpg,542,410,military helicopter,100,82,506,200
2-Figure2-1.jpg,542,410,military helicopter,84,219,534,374
2-image-Mil-Mi-10.jpg,600,400,military helicopter,104,31,405,349
2-t90s-tank.jpg,600,391,military tank,87,47,424,348
2002.210.018_1.jpg,3600,2102,civilian car,1625,1318,2165,1772
2002.210.018_1.jpg,3600,2102,military truck,1251,1123,1597,1557
2006-ford-f-250.jpg,1800,1200,civilian car,189,329,1620,958
200px-Indian_Army_BMP-2.jpg,200,150,military tank,29,58,164,125
200px-Know_Your_Army_Jalandhar_2009-83.jpg,200,150,military truck,44,16,167,122
200px-Maruti_jeep.jpg,200,152,military truck,10,12,190,122
20110312-_1481193687.jpg,631,376,military truck,52,132,408,360
20110312-_1481193687.jpg,631,376,military truck,418,158,605,295
2011_moscow_victory_day_parade_360-31.jpg,780,489,military truck,37,102,757,405
2013-hyundai-elantra-mid-size-car-compact-car-timber-battens-bench-seating-top-view.jpg,640,480,civilian car,117,70,515,377
2014chilec130aircraft-1575947699.jpg,600,338,military aircraft,24,18,569,150
2014chilec130aircraft-1575947699.jpg,600,338,military aircraft,168,126,592,265
2015_Chevrolet_Tahoe_LT_5.3L_front_02_3.24.19.jpg,4789,2675,civilian car,224,159,4564,2259
2017-acura-rdx-car-2018-acura-rdx-sport-utility-vehicle-car-top-thumbnail.jpg,300,631,civilian car,28,29,268,583
2017-audi-s3-car-audi-a3-vehicle-car-top-thumb.jpg,310,635,civilian car,22,14,275,604
2017-hyundai-santa-fe-hyundai-creta-hyundai-motor-company-hyundai-veloster-suv-cars-top-view.jpg,800,440,civilian car,42,49,727,383
201705_top_hero2.ts.1706080507280000.jpg,1800,515,civilian car,795,213,1460,502
2017_10_17_34199_1508236973._large.jpg,768,515,military aircraft,93,33,719,488
2017_7largeimg12_Jul_2017_113852718.jpg,650,394,military helicopter,84,14,517,360
2018-04-13T105244Z_268828282_RC15E68E6900_RTRMADP_3_ROLLS-ROYCE-HLDG-ENGINESJPG.jpg,1920,1279,civilian aircraft,37,145,1721,893
2018-11-22T001336Z_196476397_RC1DFC23CB40_RTRMADP_3_BRAZIL-CRUZEX-1024x553.jpg,1024,553,military aircraft,15,175,999,537
2018-Chevrolet-Tahoe-side_12299_001_2400x1800_G1W.jpg,2400,1800,civilian car,49,398,2314,1366
20180620120049-600x338.jpg,600,338,military truck,28,95,579,279
2018_10largeimg16_Tuesday_2018_230118188.jpg,660,404,military truck,44,121,585,356
2018_10largeimg31_Oct_2018_160709996.jpg,650,394,military helicopter,217,153,556,294
2018_Toyota_Prius_Excel_VVT-i_CVT_1.8.jpg,3997,1808,civilian car,81,190,3877,1596
2019-03-20-06-10-38.jpg,3098,1953,military aircraft,104,423,2754,1412
2019-05-19-PSC_Tiger1-03.jpg,800,252,military tank,442,35,778,211
2019-05-19-PSC_Tiger1-03.jpg,800,252,military tank,97,31,403,206
2019-06-03t115535z_1815254072_rc1762f85300_rtrmadp_3_india-military-plane.jpg,780,520,military aircraft,99,112,724,362
2019-09-04-mbda-showcases-tank-destroyer-vehicle-with-pgz-at-mspo-2019-c-mbda-2-1567707403.jpg,1706,1066,military tank,216,144,1475,897
2019-chrysler-bhp-pacifica-s-package.jpg,1440,472,civilian car,755,142,1308,418
2019-Ram-1500-December-2019-Picto-1200-x-515.jpg,2501,1074,civilian car,748,286,1807,944
20191211_191211-msap_rdax_375x213.jpg,375,213,military helicopter,132,3,350,102
201920Hyundai20Santa20Fe20Large-3148920720.jpg,720,535,civilian car,48,114,693,384
2019MNS050002_640_01.jpg,640,480,civilian car,27,67,569,385
2019_1largeimg23_Jan_2019_135130392.jpg,650,394,military tank,22,94,408,378
2019_1largeimg23_Jan_2019_135130392.jpg,650,394,military tank,396,120,461,289
2019_honda_cr-v_f34_fe_510191_1280.jpg,1280,853,civilian car,205,297,1109,717
2019_ornament_profile_left_shop_2.jpg,700,700,military helicopter,93,246,660,463
2020-chevrolet-corvette-from-above-1563387481.jpg,5792,7472,civilian car,910,777,4887,6027
2020-chrysler-hybrid-bhp-slider-poster.jpg,1440,472,civilian car,625,178,1153,415
2020-Kia-Telluride-exterior.jpg,2112,1584,civilian car,103,450,1896,1291
2020-maxima-white-rear-in-tunnel-20tdipace101-d.jpg,3000,1300,civilian car,1230,208,2626,875
2020-mercedes-amg-cla35-101-1576122957.jpg,6720,4480,civilian car,2977,2077,5570,3402
2020-palisade-se-sierra-burgundy.jpg,1200,1325,civilian car,108,727,1005,1101
2020-toyota-sequoia-trd-pro-army-green-03-1575323454.jpg,3000,2109,civilian car,867,541,2608,1661
202000010582.jpg,1000,1000,civilian aircraft,40,392,971,613
2020_Acura_Homepage_Hero_RDX_Advance_S.jpg,549,309,civilian car,85,48,460,217
2020_Cadillac_XT6_FWD_CRO_1SC_H0Y_GAN_01.46b6df1f.jpg,1000,563,civilian car,334,156,666,438
20343034-7627303-image-a-39_1572377455551.jpg,962,628,military tank,332,39,854,504
215728369.jpg,1500,1121,military helicopter,328,89,951,823
21630549026.jpg,640,480,civilian car,66,157,580,371
2197-Panther-Action-Shot__66292.1533765540.jpg,1280,905,military tank,169,190,984,577
2197-Panther-Action-Shot__66292.1533765540.jpg,1280,905,military tank,551,592,1154,892
2198299_5a6d7830ad3f525fca7837e683c15191-692x360.jpg,692,360,military aircraft,32,98,629,269
22.jpg,3008,2000,civilian aircraft,327,419,2644,1146
22069620-0-image-a-2_1576006835173.jpg,308,185,military aircraft,93,65,275,136
220px-2.5_ton_28229.jpg,220,165,military truck,42,43,174,137
220px-2.5_ton_28229.jpg,220,165,military truck,171,60,219,116
220px-Boeing_737-8_MAX_FIA16_Belyakov_28cropped29.jpg,220,147,civilian aircraft,47,19,158,122
220px-DAF_Military_Truck_YA-328.jpg,220,153,military truck,16,11,193,142
220px-IA_T-90_in_action.jpg,220,293,military tank,74,137,140,169
220px-IA_T-90_in_action.jpg,220,293,military tank,142,177,197,206
220px-IA_T-90_in_action.jpg,220,293,military tank,58,196,149,257
220px-IA_T-90_in_action.jpg,220,293,military tank,77,101,135,132
220px-IA_T-90_in_action.jpg,220,293,military tank,161,124,194,160
220px-R-4_AC_HNS1_3_300.jpg,220,174,military helicopter,48,35,177,152
220px-TWA_1940.jpg,220,165,civilian aircraft,55,46,195,140
22102050-7780765-image-a-30_1576070693763.jpg,634,332,military helicopter,105,76,563,244
222_580x.jpg,580,580,military tank,19,129,510,419
223272343(1).jpg,1500,1024,military helicopter,526,269,1252,656
223272343(1).jpg,1500,1024,military truck,136,247,480,574
223272412.jpg,1500,1120,military truck,166,272,470,618
223272412.jpg,1500,1120,military helicopter,475,258,1190,685
22588637-flying-commercial-airplane-against-blue-cloudy-sky-top-view-.jpg,1300,975,civilian aircraft,171,207,1039,778
229745584.jpg,450,320,civilian aircraft,149,31,368,268
22a8bd6ff5f0411abff92d10676356da_c0x0-1600x686.jpg,1600,686,civilian car,78,256,759,538
22eaaeea7c8d41702c48ddf4a14d2e49.jpg,752,423,military truck,47,37,660,381
230855230.jpg,450,373,civilian aircraft,163,57,362,282
233691253.jpg,450,444,civilian aircraft,157,27,361,226
235595341.jpg,450,265,civilian aircraft,11,33,200,228
235595341.jpg,450,265,civilian aircraft,239,30,433,217
23680025558_baa03fc748_b.jpg,750,563,military tank,109,146,696,511
236805511.jpg,1500,1120,civilian car,11,10,1035,817
240_F_172362031_Ep73zwOFiVZOLUj5NZZTmI35DBLnVuVa.jpg,427,240,military helicopter,161,55,272,220
240_F_216082978_eyLkCiE81f0E7WbFCkT5cdfgenLEw5QQ.jpg,427,240,military helicopter,194,77,245,135
24405335421_585728ede8_b.jpg,655,1024,military tank,11,14,622,933
248306-f-18-fighter-jet-military-plane-airplane-usa-68-748x561.jpg,748,561,military aircraft,49,119,661,373
24d8870e-d826-4cbb-8087-f6ff7e7c3429.jpg,400,300,civilian car,286,149,359,236
24d8870e-d826-4cbb-8087-f6ff7e7c3429.jpg,400,300,civilian car,6,158,151,242
250573696.jpg,1500,1245,civilian aircraft,714,283,1188,720
25064948178_96616570e9_b.jpg,1024,768,military helicopter,139,45,1011,503
25184.jpg,800,600,military tank,167,94,702,413
255954469.jpg,1500,1120,military truck,1207,158,1496,794
255954469.jpg,1500,1120,military truck,810,347,1274,690
255954469.jpg,1500,1120,military truck,719,418,823,615
255954469.jpg,1500,1120,military truck,683,453,735,579
255954469.jpg,1500,1120,military truck,356,470,465,568
25757167833_c85c97b422_b.jpg,1024,768,military helicopter,35,69,993,576
25plane.jpg,670,420,civilian aircraft,62,78,594,344
26-262848_tank-clipart-cartoon-tank-top-view.jpg,900,587,military tank,249,28,792,506
26-263085_t-14-armata-tank-top-view-png-clipart.jpg,900,407,military tank,148,62,801,326
2603121.jpg,640,480,military truck,3,15,542,458
261-2614354_car-vehicle-violet-purple-transportation-travel-cartoon-car.jpg,920,477,civilian car,77,41,830,407
268828006.jpg,450,296,civilian aircraft,70,114,417,214
2696054.jpg,1100,745,military helicopter,99,117,974,597
26bhishma01.jpg,670,384,military tank,138,170,436,341
26bhishma01.jpg,670,384,military tank,465,164,664,285
26india3.jpg,670,503,military truck,200,150,567,380
26nJSG-TopView.jpg,720,720,military helicopter,240,10,466,709
27-274936_army-pencil-and-in-color-military-truck-png.jpg,920,405,military truck,42,30,821,367
275425_cdn_ncvresearchcar_cgi1bg_87184.jpg,480,270,civilian car,68,54,402,176
281eb17fac4c474a7309bddf4d5a004c.jpg,1302,960,military helicopter,29,71,1169,317
281eb17fac4c474a7309bddf4d5a004c.jpg,1302,960,military helicopter,26,456,1148,868
2848285941.jpg,900,593,military aircraft,245,3,899,413
2848285941.jpg,900,593,military aircraft,73,167,562,471
289432024.jpg,1269,1620,military tank,149,195,1115,670
289432024.jpg,1269,1620,military tank,151,749,1129,1389
28CB98BA00000578-0-image-a-7_1431900527861.jpg,1908,1146,military tank,73,38,1122,937
29174d68bcf3f432ec28bb18e0b170dd.jpg,540,675,military helicopter,81,132,242,220
29174d68bcf3f432ec28bb18e0b170dd.jpg,540,675,military helicopter,67,254,263,324
29174d68bcf3f432ec28bb18e0b170dd.jpg,540,675,military helicopter,20,368,281,448
29174d68bcf3f432ec28bb18e0b170dd.jpg,540,675,military helicopter,316,144,464,208
29174d68bcf3f432ec28bb18e0b170dd.jpg,540,675,military helicopter,320,245,487,322
29174d68bcf3f432ec28bb18e0b170dd.jpg,540,675,military helicopter,305,367,486,443
29174d68bcf3f432ec28bb18e0b170dd.jpg,540,675,military helicopter,106,497,467,611
292-2929802_cartoon-car-top-view.jpg,920,477,civilian car,54,41,821,414
29734-airbus-defence-reutersJPG.jpg,850,478,military aircraft,84,36,726,408
29906170001_5976474131001_5976475760001-vs.jpg,640,360,military aircraft,147,61,598,192
299328478.jpg,1500,1620,military helicopter,64,203,1418,1268
2a25ddfdfac41013a84a140140b5f9b3.jpg,480,360,military tank,90,105,346,246
2a3a538e8ed338492a170d234a569836.jpg,1280,800,military tank,252,206,1095,763
2a3a538e8ed338492a170d234a569836.jpg,1280,800,military tank,854,268,1145,503
2a93d4da2566b97a92de5aa6dd16e189.jpg,1080,1920,military aircraft,82,358,944,1730
2bf2ff2936d879d2574398a6df56ba36.jpg,2560,2100,military tank,404,647,2213,1600
2efdcbc14b8849dbac287025a6824c7b_1598x686.jpg,1598,686,civilian car,828,154,1433,551
2fdcf2a7a2c1a5271d473dc141481524.jpg,600,407,military helicopter,63,73,533,339
2M1Abrams.jpg,620,330,military tank,8,88,513,314
2m5B7q-TopView.jpg,720,720,military helicopter,275,15,443,683
2viewf4u.jpg,382,556,military aircraft,27,29,326,375
2viewf4u.jpg,382,556,military aircraft,18,422,337,511
3-6636-1550653369.jpg,680,407,military aircraft,55,32,604,350
3-cars-mini-1.jpg,1026,232,civilian car,19,24,288,192
3-cars-mini-1.jpg,1026,232,civilian car,313,24,586,203
3-cars-mini-1.jpg,1026,232,civilian car,600,16,921,208
3-helicopters-from-top-view-top-womens-premium-longsleeve-shirt.jpg,190,190,military helicopter,72,41,99,58
3-helicopters-from-top-view-top-womens-premium-longsleeve-shirt.jpg,190,190,military helicopter,91,55,113,70
3-helicopters-from-top-view-top-womens-premium-longsleeve-shirt.jpg,190,190,military helicopter,92,72,118,91
3-Hyundai-Tucson-2.4-GDi-Maroon-586158-3.jpg,555,415,civilian car,66,73,499,347
3-image-PzH-2000.jpg,600,400,military tank,101,108,524,320
3-timeline-.jpg,1026,580,military truck,131,6,882,561
300px-Ah-1cobra_1.jpg,300,236,military helicopter,22,31,226,141
300px-Aviamix2015-03_28cropped29.jpg,300,200,military aircraft,10,24,264,148
300px-Battle_of_Britain_Memorial_Flight_Members27_day_2018_MOD_45164718.jpg,300,226,military aircraft,42,35,251,138
300px-Battle_of_Britain_Memorial_Flight_Members27_day_2018_MOD_45164718.jpg,300,226,military aircraft,76,16,151,62
300px-Bundesarchiv_Bild_101I-299-1805-162C_Nordfrankreich2C_Panzer_VI_28Tiger_I29.2.jpg,300,271,military tank,17,53,262,242
300px-Fokker_F27_Friendship_US_Army_Golden_Knight.jpg,299,218,military aircraft,13,36,265,149
300px-Stryker_ICV_front_q.jpg,300,238,military tank,7,62,266,217
30283072954_588b9dfe9d_b.jpg,1024,576,military tank,229,84,888,559
3042.jpg,572,800,civilian car,119,161,453,539
3050.jpg,300,300,civilian car,4,4,231,235
305px-Ariete_tank_of_the_Italian_Army.jpg,305,228,military tank,49,64,275,170
30877036151_1694fb10d8_n.jpg,297,320,military tank,54,88,263,291
309c2370489b1f5d91d608(1).jpg,640,360,military helicopter,158,43,533,158
30c4ff9064fb53104ce44aff09bb0c24.jpg,800,600,military truck,75,248,680,589
3169218494_3b4c15ea9b.jpg,500,354,military truck,226,101,499,350
3169218494_3b4c15ea9b.jpg,500,354,military truck,103,146,231,274
3169218494_3b4c15ea9b.jpg,500,354,military truck,89,163,111,224
319508578.jpg,450,470,military helicopter,137,102,309,333
3201927152525584413226.jpg,273,156,military aircraft,4,25,263,135
32284_1470310422.jpg,1200,694,civilian aircraft,13,119,1079,455
323664340.jpg,512,288,military helicopter,138,4,420,240
32409528825_9473524d2a_b.jpg,1024,768,military helicopter,234,143,855,623
3245_2.jpg,500,400,civilian car,14,5,445,362
3245_5.jpg,500,400,civilian car,9,7,445,357
328.jpg,468,281,military helicopter,35,76,395,246
3281061537_5188c9d97f_n.jpg,320,240,military truck,15,40,298,203
3281881026_31ce089d07_b.jpg,1024,576,military truck,45,144,925,516
33104cea755b444fcad6cadf5eee2d13.jpg,860,645,military tank,185,13,672,585
333bb389-5556-41f9-8a12-777c263e97b6-XXX_20190703_July4thPrep_MallDC_144JPG.jpg,4320,2875,military tank,1586,357,3870,2789
33416e2e-b09b-4a4c-ab09-65830ca1ae62.jpg,1000,1000,military truck,32,294,896,714
336487312.jpg,450,320,military tank,28,18,420,133
336487312.jpg,450,320,military tank,29,153,418,281
340px-GAZ-66_truckJPG.jpg,340,255,military truck,7,49,299,232
347PCS-Technik-Military-Tank-Building-Blocks-Model-Figures-Compatible-legoingly-Army-WW2-Soldier-Police-Weapon-Bricks.jpg,800,800,military tank,75,139,500,422
347PCS-Technik-Military-Tank-Building-Blocks-Model-Figures-Compatible-legoingly-Army-WW2-Soldier-Police-Weapon-Bricks.jpg,800,800,military tank,239,464,682,735
349-hainan-787_web.jpg,2200,1080,civilian aircraft,117,375,1974,922
350px-CH-148.jpg,350,263,military helicopter,2,92,312,175
352_1_Hawker_top_view.jpg,800,600,military aircraft,136,65,664,541
35439ffdea8c5f3dd1c3f7e81ccffa31.jpg,1200,814,civilian aircraft,38,181,1070,545
36192184400_557454da13_o.jpg,1260,840,military aircraft,59,21,1217,810
363-commercial-aircraft-of-Airbus-in-demand-at-Paris-Air-Show-2019-in-photo-A321neo-ProTourism-News.jpg,832,500,civilian aircraft,70,35,703,402
36822271634_bcac83c77a_b.jpg,750,563,military tank,147,115,632,503
37201967950-5a3404b5d9-o.jpg,2500,1875,military aircraft,7,295,2457,1401
3740025619_878df05cc3.jpg,500,334,military truck,189,42,495,256
375990-alexfas01.jpg,1280,800,military tank,75,60,1137,716
375990-alexfas01.jpg,1280,800,military tank,13,138,289,397
377301_cars-top-view-png.jpg,860,426,civilian car,13,9,765,383
377306_cars-top-view-png.jpg,920,1413,civilian car,52,53,823,411
377306_cars-top-view-png.jpg,920,1413,civilian car,64,462,821,796
377306_cars-top-view-png.jpg,920,1413,civilian car,63,853,826,1263
377312_cars-top-view-png.jpg,800,770,civilian car,57,91,191,390
377312_cars-top-view-png.jpg,800,770,civilian car,239,87,375,390
377312_cars-top-view-png.jpg,800,770,civilian car,394,34,554,379
377312_cars-top-view-png.jpg,800,770,civilian car,589,31,721,387
377312_cars-top-view-png.jpg,800,770,civilian car,61,427,189,694
377312_cars-top-view-png.jpg,800,770,civilian car,236,433,375,736
377312_cars-top-view-png.jpg,800,770,civilian car,425,416,552,629
377312_cars-top-view-png.jpg,800,770,civilian car,609,424,717,714
377313_cars-top-view-png.jpg,2292,1512,civilian car,111,72,2016,1367
377318_cars-top-view-png.jpg,1920,1080,civilian car,121,199,1720,934
3784ccd58eb7e86fa6d6994a6e1a4dee-e1475028617319.jpg,1920,1080,civilian aircraft,72,217,1718,625
38006224001_b0ca057279_b.jpg,1024,768,military tank,35,126,928,550
384a4564-b964-45b4-8ffe-2ea1575ef6f2_16x9_788x442.jpg,786,442,military aircraft,14,26,460,359
3870784JPG.jpg,640,499,military tank,146,115,535,330
387px-HEMTT_M978A2_with_HEMAT_trailer.jpg,387,225,military truck,51,62,293,143
390c223bb61f50a47bc2fee3514923504dc449d4d16c0a04088f1aedeb60ec86.jpg,1505,1000,military tank,389,190,1334,781
390c223bb61f50a47bc2fee3514923504dc449d4d16c0a04088f1aedeb60ec86.jpg,1505,1000,military truck,252,139,543,690
3958985_0.jpg,630,630,military aircraft,227,184,414,310
39643588.jpg,800,830,military aircraft,80,70,686,716
39F3268D00000578-3892754-image-a-1_1478001078926.jpg,634,423,military tank,93,64,500,384
3A0A3130.jpg,5760,3840,military tank,95,499,3290,3212
3A0A3130.jpg,5760,3840,military tank,2448,805,5040,2844
3b7dad11236005.560f46bd8a54b.jpg,600,388,military tank,75,12,470,165
3b7dad11236005.560f46bd8a54b.jpg,600,388,military tank,75,183,467,334
3c605a677d0a5e06082ffec2983baf48-scaled.jpg,2560,1707,military aircraft,1165,521,1515,710
3c605a677d0a5e06082ffec2983baf48-scaled.jpg,2560,1707,military aircraft,1386,717,1720,853
3c605a677d0a5e06082ffec2983baf48-scaled.jpg,2560,1707,military aircraft,1583,863,1879,1008
3c605a677d0a5e06082ffec2983baf48-scaled.jpg,2560,1707,military aircraft,1410,995,1707,1172
3c605a677d0a5e06082ffec2983baf48-scaled.jpg,2560,1707,military aircraft,1232,1124,1532,1301
3d-image-of-military-aircraft-top-front-and-side-vector-20835024.jpg,238,250,military aircraft,13,60,113,195
3d-image-of-military-aircraft-top-front-and-side-vector-20835024.jpg,238,250,military aircraft,112,66,212,98
3d-image-of-military-aircraft-top-front-and-side-vector-20835024.jpg,238,250,military aircraft,107,159,209,195
3d73ce784253dfea025ecd305fe8a53e.jpg,4276,2624,military helicopter,1293,926,2686,1777
3db34310869331.57816087a94b3.jpg,1778,1000,military truck,194,58,1530,878
3f949f29fc3b6634edcd4d23b104a38d.jpg,1600,1173,military tank,148,176,1434,1022
3fb03b55fa5ea88a94ce9c22f4107fc9.jpg,600,338,military truck,20,9,518,323
3fe4e289078edd29945a31eb33ca34ea.jpg,1023,1024,military helicopter,55,41,888,259
3fe4e289078edd29945a31eb33ca34ea.jpg,1023,1024,military helicopter,121,264,910,549
3fe4e289078edd29945a31eb33ca34ea.jpg,1023,1024,military helicopter,144,571,908,779
3fe4e289078edd29945a31eb33ca34ea.jpg,1023,1024,military helicopter,67,764,896,1000
3l-Globemaster-III.jpg,600,400,military aircraft,22,91,522,228
3N9RrT-TopView.jpg,720,720,military aircraft,20,68,639,678
3XeNNMeIhplCPzD7iPw7HiYky3HEn5xAmxTX2jzi.jpg,629,889,military helicopter,49,155,232,223
3XeNNMeIhplCPzD7iPw7HiYky3HEn5xAmxTX2jzi.jpg,629,889,military helicopter,37,229,563,433
3_img114419215535.jpg,500,300,military truck,44,57,431,264
3_img19419092943.jpg,500,300,military truck,199,92,335,273
3_img19419092943.jpg,500,300,military truck,126,137,199,253
3_img19419092943.jpg,500,300,military truck,92,150,127,248
3_img19419092943.jpg,500,300,military truck,66,167,91,242
3_img19419092943.jpg,500,300,military truck,326,6,498,297
4-C-17-Globemaster.jpg,800,600,military aircraft,67,156,685,391
4-C-17-Globemaster.jpg,800,600,military aircraft,142,115,228,153
4-C-17-Globemaster.jpg,800,600,military aircraft,172,74,270,122
4-C-17-Globemaster.jpg,800,600,military aircraft,288,67,343,97
4-C-17-Globemaster.jpg,800,600,military aircraft,357,68,409,99
4-C-17-Globemaster.jpg,800,600,military aircraft,425,84,459,109
4-C-17-Globemaster.jpg,800,600,military aircraft,473,125,544,166
4-C-17-Globemaster.jpg,800,600,military aircraft,527,97,580,127
4-image-AW139M.jpg,600,400,military helicopter,34,19,487,320
4.jpg,980,500,military tank,40,110,850,472
400a18e0f076bc6426c17acd885adab9.jpg,580,387,civilian aircraft,118,10,300,113
400a18e0f076bc6426c17acd885adab9.jpg,580,387,civilian aircraft,321,25,466,173
400a18e0f076bc6426c17acd885adab9.jpg,580,387,civilian aircraft,133,157,470,257
400a18e0f076bc6426c17acd885adab9.jpg,580,387,civilian aircraft,132,273,471,345
400px-AH-1Z_Line_Drawing.svg.jpg,400,245,military helicopter,163,168,358,230
400px-AH-1Z_Line_Drawing.svg.jpg,400,245,military helicopter,6,5,161,220
400px-MH-53J_Pave_Low_Line_Drawing.svg.jpg,400,200,military helicopter,5,5,187,197
400px-MH-53J_Pave_Low_Line_Drawing.svg.jpg,400,200,military helicopter,173,144,357,193
400px-MH-53J_Pave_Low_Line_Drawing.svg.jpg,400,200,military helicopter,226,8,339,83
40415580943_836f8e5eb7_c.jpg,800,640,military helicopter,201,257,766,534
40415583573_a871390af8_c.jpg,800,533,military helicopter,38,137,706,344
40415584463_a1c637af32_c.jpg,800,600,military helicopter,180,193,573,427
404277-P-ICB91-427.jpg,1088,726,military helicopter,127,86,617,525
408-4088116_helicopter-clipart-top-view-2d-helicopter.jpg,920,560,military helicopter,178,132,775,514
40a6159afa03d937a5a8e7de9614833d.jpg,1000,679,civilian aircraft,296,134,721,553
41721212-silver-suv-car-top-view.jpg,1300,744,civilian car,87,88,1137,671
41CBFDEnJeL._SX425_.jpg,425,330,military truck,27,40,381,292
41DJ9FTh1yL._SX425_.jpg,425,425,military truck,13,79,382,336
41w3Y1A.jpg,489,718,military aircraft,29,55,437,679
42121069.jpg,800,542,military helicopter,201,45,571,420
4241994-1556865621.jpg,1024,576,military tank,99,73,907,535
4290bde4c0de725bfccbd25d84931411.jpg,1000,561,military tank,64,69,901,452
430722_orig.jpg,1100,660,civilian aircraft,165,309,950,584
43337406_401.jpg,700,394,military aircraft,48,71,662,261
4352027930_2a17c37603_o.jpg,1025,726,military helicopter,454,43,1006,279
437-4371122_transparent-military-helicopter-png-top-view-helicopter-png.jpg,920,776,military helicopter,75,84,802,565
43985584.jpg,450,272,civilian aircraft,107,19,348,237
44007221.jpg,240,239,military truck,11,34,229,191
440px-Top_of_Bala_Hissar.jpg,440,248,military tank,91,73,331,197
44247-pakistan25252520super25252520league-20180322094007.jpg,918,506,military helicopter,559,206,815,358
44247-pakistan25252520super25252520league-20180322094007.jpg,918,506,military helicopter,8,219,413,431
44596496-Boeing-C-17.jpg,2048,1365,military aircraft,477,529,1530,826
44673787322_f4c75f155a.jpg,499,333,military truck,44,62,453,276
44b8486523985cb0b70763d7281fa6fe.jpg,1024,773,military tank,297,63,738,265
44b8486523985cb0b70763d7281fa6fe.jpg,1024,773,military tank,42,329,257,481
44b8486523985cb0b70763d7281fa6fe.jpg,1024,773,military tank,297,305,725,486
44b8486523985cb0b70763d7281fa6fe.jpg,1024,773,military tank,778,287,920,472
44b8486523985cb0b70763d7281fa6fe.jpg,1024,773,military tank,307,549,724,706
4504197a31325b7c241e2973b4e1278c.jpg,505,379,civilian car,51,95,439,269
456776d1290249175-shaktiman-ashok-stallion-my-4x4-motor-home-man.jpg,768,512,military truck,44,42,677,468
45724_1575251712.jpg,400,225,civilian aircraft,9,28,355,158
4582563_325.jpg,325,325,civilian aircraft,100,87,237,214
4606611-1539202280.jpg,1388,736,military tank,20,252,683,703
467a6c6b2a64d7360f72af5b467d72b5.jpg,419,438,military tank,57,7,353,150
467a6c6b2a64d7360f72af5b467d72b5.jpg,419,438,military tank,54,171,181,305
467a6c6b2a64d7360f72af5b467d72b5.jpg,419,438,military tank,226,158,340,302
467a6c6b2a64d7360f72af5b467d72b5.jpg,419,438,military tank,55,314,366,425
47156662_303.jpg,700,394,military tank,158,153,485,324
472c822e025b2c86bdc5279d668e4e1b.jpg,564,913,military tank,63,73,501,277
472c822e025b2c86bdc5279d668e4e1b.jpg,564,913,military tank,28,333,502,576
472c822e025b2c86bdc5279d668e4e1b.jpg,564,913,military tank,35,635,448,865
4764bd9a321a5b44c964eb3c7a13219b.jpg,1200,814,civilian aircraft,173,217,1062,522
481593_5_.jpg,750,422,military tank,113,93,479,271
481593_5_.jpg,750,422,military tank,219,17,395,98
4847_tanks.jpg,300,259,military tank,174,79,266,207
48690229257_e62c41877d_h_0.jpg,1260,798,military tank,177,114,1149,622
48753733143_4ff4dd5967_b.jpg,1024,576,military aircraft,207,67,771,475
48905116372_c1b52b115a_b.jpg,1024,768,military truck,130,201,766,598
49214634d4f79cc53c5d157cc4139cd3d2d357d72492c3299679a4d16c1d4195.jpg,1500,878,military helicopter,80,91,1388,649
4b4244_f36f3f9af70341c5917046449c882027mv2_d_2688_1792_s_2.jpg,2688,1792,military tank,408,256,2239,1348
4b6e8c0626de69eb91565c760e85b192--top-secret-chopper.jpg,236,309,military helicopter,63,33,202,169
4BCC3A9C00000578-0-image-a-26_1525346050896.jpg,962,641,civilian aircraft,35,340,447,534
4c6045e70408b0ac44d1d451754ced42.jpg,2048,1536,military tank,117,179,1824,1420
4c6d4db81124932a63fbf37ee2e7baae.jpg,474,632,military helicopter,149,19,318,586
4c9a8804b0334486533fc0d1cfc242a7.jpg,660,468,military truck,108,229,576,433
4d0aef67-37ed-4250-9741-867091f1c043.jpg,361,361,military truck,41,76,324,251
4e6d25cd-86e5-46a7-aa11-dca26ea5d2d2-Mohawk_by_St._Helens.jpg,1106,812,military aircraft,402,382,988,674
4e99e721aacd10cd87d1429828d80b6d.jpg,640,499,military truck,23,68,551,423
4efe4fa0da9cefcfdf03bfe384ba891e.jpg,1200,1113,military aircraft,128,92,915,1003
4EFFD150221842F28C8321C01E80A161.jpg,1280,720,military truck,104,67,1072,601
4f20b1886c988607db2ef177f3e986c76a28860655bb09687fe9285f9024a078.jpg,643,362,military aircraft,284,59,355,114
4f20b1886c988607db2ef177f3e986c76a28860655bb09687fe9285f9024a078.jpg,643,362,military aircraft,366,126,432,166
4f20b1886c988607db2ef177f3e986c76a28860655bb09687fe9285f9024a078.jpg,643,362,military aircraft,451,161,530,211
4f20b1886c988607db2ef177f3e986c76a28860655bb09687fe9285f9024a078.jpg,643,362,military aircraft,192,83,270,130
4f20b1886c988607db2ef177f3e986c76a28860655bb09687fe9285f9024a078.jpg,643,362,military aircraft,108,104,183,145
4f20b1886c988607db2ef177f3e986c76a28860655bb09687fe9285f9024a078.jpg,643,362,military aircraft,21,111,91,153
4Star2.jpg,459,459,military tank,148,165,394,347
4Star2.jpg,459,459,military tank,67,135,158,293
4vv0q4y7joc11.jpg,1260,840,military tank,17,173,1068,824
4X4-Mine-Protected-Vehicle-MPV-med.jpg,660,430,military truck,26,77,554,404
4_3501181.jpg,350,350,military tank,11,86,306,329
5-image-Boeing-787-8.jpg,600,400,civilian aircraft,222,40,528,112
5-image-Boeing-787-8.jpg,600,400,civilian aircraft,85,111,396,199
5-image-Boeing-787-8.jpg,600,400,civilian aircraft,216,204,518,277
5-image-Boeing-787-8.jpg,600,400,civilian aircraft,152,246,448,371
5-image-NH90.jpg,600,400,military helicopter,43,19,460,304
500x300_157672-heli.jpg,500,300,military helicopter,79,54,382,203
500_1733-Edit-Edit.jpg,1800,1204,civilian aircraft,86,504,1573,884
500_F_142453719_Bz5Thl4zdwY4StDH6UeJSFbqAYY8iUhk.jpg,500,334,military helicopter,208,29,446,134
500_F_142453719_Bz5Thl4zdwY4StDH6UeJSFbqAYY8iUhk.jpg,500,334,military helicopter,33,116,316,238
500_F_142453719_Bz5Thl4zdwY4StDH6UeJSFbqAYY8iUhk.jpg,500,334,military helicopter,306,220,406,321
500_F_172517614_NFV6y4bNyqTkjuuWoP38T2zM1FRx811L.jpg,500,334,civilian car,27,23,80,129
500_F_172517614_NFV6y4bNyqTkjuuWoP38T2zM1FRx811L.jpg,500,334,civilian car,95,25,142,135
500_F_172517614_NFV6y4bNyqTkjuuWoP38T2zM1FRx811L.jpg,500,334,civilian car,155,20,213,135
500_F_172517614_NFV6y4bNyqTkjuuWoP38T2zM1FRx811L.jpg,500,334,civilian car,223,22,274,137
500_F_172517614_NFV6y4bNyqTkjuuWoP38T2zM1FRx811L.jpg,500,334,civilian car,285,21,337,130
500_F_172517614_NFV6y4bNyqTkjuuWoP38T2zM1FRx811L.jpg,500,334,civilian car,349,23,405,142
500_F_172517614_NFV6y4bNyqTkjuuWoP38T2zM1FRx811L.jpg,500,334,civilian car,23,162,96,302
500_F_172517614_NFV6y4bNyqTkjuuWoP38T2zM1FRx811L.jpg,500,334,civilian car,117,165,183,308
500_F_172517614_NFV6y4bNyqTkjuuWoP38T2zM1FRx811L.jpg,500,334,civilian car,203,167,272,310
500_F_172517614_NFV6y4bNyqTkjuuWoP38T2zM1FRx811L.jpg,500,334,civilian car,295,161,366,315
500_F_172517614_NFV6y4bNyqTkjuuWoP38T2zM1FRx811L.jpg,500,334,civilian car,394,162,449,320
500_F_172517614_NFV6y4bNyqTkjuuWoP38T2zM1FRx811L.jpg,500,334,civilian car,416,25,468,142
500_F_172929710_VNUqrsIUl9JB6STeuGMKuEAWAfLM2uFO.jpg,500,231,civilian aircraft,9,4,261,94
500_F_172929710_VNUqrsIUl9JB6STeuGMKuEAWAfLM2uFO.jpg,500,231,civilian aircraft,30,144,255,203
500_F_172929710_VNUqrsIUl9JB6STeuGMKuEAWAfLM2uFO.jpg,500,231,civilian aircraft,295,19,449,207
500_F_191857320_AR3d8quOJSZtaBAIcEiqctGRBUuWhUBh.jpg,500,259,civilian aircraft,38,10,228,122
500_F_191857320_AR3d8quOJSZtaBAIcEiqctGRBUuWhUBh.jpg,500,259,civilian aircraft,298,12,434,155
500_F_191857320_AR3d8quOJSZtaBAIcEiqctGRBUuWhUBh.jpg,500,259,civilian aircraft,290,163,441,211
500_F_191857320_AR3d8quOJSZtaBAIcEiqctGRBUuWhUBh.jpg,500,259,civilian aircraft,253,187,443,249
500_F_191857320_AR3d8quOJSZtaBAIcEiqctGRBUuWhUBh.jpg,500,259,civilian aircraft,36,105,233,160
500_F_191857320_AR3d8quOJSZtaBAIcEiqctGRBUuWhUBh.jpg,500,259,civilian aircraft,21,147,229,252
500_F_197331526_wWhkGBDhpe5GAB4b156wLqzWx0mOeNUQ.jpg,500,266,civilian car,16,108,353,241
500_F_210815746_i49MMHzFhhyNpsX5c7VfLncq5MGtRNBz.jpg,500,500,civilian car,179,49,319,446
500_F_211111472_2WCRuqNql9ZCqfCO91NE3SIn7TFIw9uo.jpg,500,375,civilian car,354,34,447,167
500_F_219587072_aWl2ajXlKfuzv4AJ6k862gJyUXYjv44M.jpg,500,500,civilian car,185,69,322,449
500_F_238889902_EoUDYL2lFhWhtkIwk2p9wvMU3RVZ1cX6.jpg,500,334,civilian aircraft,133,97,186,122
500_F_256708611_9YwxoxrahDhTVzeDzIalL4EsQJSXTsPS.jpg,434,500,military helicopter,152,92,280,475
500_F_257447704_Ef5IDWmmhWS7zVf1xyX6Qsmx36F6LWrQ.jpg,500,283,civilian aircraft,22,26,307,260
500_F_259615177_8xrlfGugRJSbLiKrTZn7kY1m88HxwGKu.jpg,500,465,military tank,92,239,449,441
500_F_259615177_8xrlfGugRJSbLiKrTZn7kY1m88HxwGKu.jpg,500,465,military tank,29,18,455,223
500_F_261090072_jvMsvqg6PHIqVVO6NEKE6OkfinnP58me.jpg,500,429,military tank,33,12,431,184
500_F_261090072_jvMsvqg6PHIqVVO6NEKE6OkfinnP58me.jpg,500,429,military tank,17,201,428,398
500_F_261090158_C14ilzX0GuRffGxXHI9FeXsQhN1AhZQk.jpg,500,444,military tank,31,24,443,208
500_F_261090158_C14ilzX0GuRffGxXHI9FeXsQhN1AhZQk.jpg,500,444,military tank,31,218,448,431
500_F_269776167_Ij6WMWfWfDX3prbejSAvpDRpDALVkmHt.jpg,500,282,military helicopter,182,32,314,267
500_F_269776177_twJ07z84cLwxJ9VAopUQhA1DqNyoJER2.jpg,500,282,military helicopter,201,15,318,271
500_F_33682254_L3HxsGY77pbkbAPLTBPiPgAYp5sZJRoU.jpg,500,334,military helicopter,66,76,366,262
500_F_76757931_1bKJHCcXgwvjhHTR3N7dCMRbvssvzawq.jpg,500,287,civilian car,45,43,452,245
500_F_77262445_jZEF2uvEYFocw2HPYvT6YBzg369mKm6t.jpg,500,300,military tank,112,59,446,276
5017507_orig.jpg,1100,660,civilian aircraft,24,72,976,358
501768_201596_800_auto_jpg.jpg,800,450,military truck,41,48,702,400
50741385_303.jpg,700,394,military aircraft,59,12,442,168
5090392.jpg,1260,840,military tank,101,178,1117,650
5105393-1568150246.jpg,2700,2103,military tank,1321,299,2238,804
5105393-1568150246.jpg,2700,2103,military tank,147,963,1465,1559
5140334-1572289644.jpg,4896,3264,military helicopter,18,53,4791,3143
51418835_wide-aba5749b14db517119c72647ccbeee253b13b78c-s800-c85.jpg,800,450,military helicopter,25,86,711,314
5151Rv2B6ewL.jpg,500,399,military truck,16,21,441,380
51By3Q12BIDL._SX355_.jpg,355,320,military tank,15,26,315,303
51FEIMwAsyL.jpg,500,419,military truck,17,138,223,369
51FUlbWwULL.jpg,416,500,military truck,16,279,368,464
51FUlbWwULL.jpg,416,500,military truck,21,45,371,246
51LeXIYYTPL.jpg,500,500,military truck,9,36,441,286
51LeXIYYTPL.jpg,500,500,military truck,24,332,311,486
51qjuTYtOXL.jpg,500,500,military tank,98,254,412,472
51qjuTYtOXL.jpg,500,500,military tank,77,45,226,213
51qjuTYtOXL.jpg,500,500,military truck,237,24,418,124
51qjuTYtOXL.jpg,500,500,military truck,262,114,403,218
52513-2013-porsche-911-race-car-top-view-1920x1080-car-wallpaper.jpg,1920,1080,civilian car,236,61,1612,1014
531920941.jpg,2400,1800,military aircraft,356,265,2372,1277
5320036.jpg,1260,708,military tank,69,67,1169,665
53208092-madrid-spain-march-05th-2016-commercial-aircraft-boeing-747-419-of-wamos-air-airline-is-parked-outsi.jpg,1300,861,civilian aircraft,70,362,1130,756
53352e06c4c32.jpg,800,480,military aircraft,16,58,703,407
53bb334a0ea74989af35a20413830d33_c1x0-1598x686.jpg,1598,686,civilian car,670,238,1427,657
54672.jpg,800,600,military tank,209,23,697,269
54672.jpg,800,600,military tank,27,243,667,582
5595f2e6576359abfd892512c24d982d-min.jpg,1242,872,military aircraft,269,61,999,762
55c8a19a371d2223518bdbe9-640-480.jpg,640,480,military tank,242,168,571,329
5645ca1640b7ed805c22b2fa_Drive20a20Tank204020The20Muckleburgh20Collection.jpg,1200,676,military tank,123,107,886,576
56612531-madrid-spain-may-15th-2016-commercial-aircraft-boeing-747-of-corsair-international-airline-is-ready-.jpg,1300,861,civilian aircraft,51,319,1165,812
56a90b_5248822eec144567bf50867ea05c427emv2.jpg,561,366,military truck,22,34,503,287
56be16472e5265b7008b6e37-750-498.jpg,750,498,military aircraft,69,79,668,323
56d4a3727a3b8676749f3379e67b2293--indian-army-battle-tank.jpg,236,151,military tank,33,15,204,132
5794393-v4d036c9e609-10(1).jpg,770,520,civilian aircraft,15,182,694,347
57b74d1f9de21cc9ce25cc97bdd26994.jpg,480,360,military truck,141,84,402,307
57b74d1f9de21cc9ce25cc97bdd26994.jpg,480,360,military truck,102,159,139,243
57b74d1f9de21cc9ce25cc97bdd26994.jpg,480,360,military truck,65,175,100,240
5800_3_.jpg,500,500,military helicopter,83,12,436,474
5817ebc975adbaa0c2e86e916c56ade6.jpg,1000,561,military tank,127,94,884,461
5909052614000020001a6350.jpg,5616,3744,military truck,54,523,5602,3696
5922427.jpg,1263,841,military tank,135,201,723,581
5991865211_9e65315fa5_b.jpg,1023,934,military tank,21,249,962,876
5996c0500b9fc.jpg,466,580,civilian car,67,209,412,386
599c24f3b1b87.jpg,466,580,civilian car,30,198,411,391
59c76aea45d2a027e83abff4.jpg,626,470,military helicopter,6,29,619,324
59c82b8f45d2a027e83b7528.jpg,626,416,military aircraft,67,133,518,352
59c86b3a45d2a027e83c161c.jpg,626,469,military helicopter,117,146,523,360
59c9c2bd45d2a027e83e2459.jpg,626,326,military helicopter,48,31,482,289
59c9c2bd45d2a027e83e2459.jpg,626,326,military helicopter,457,121,549,298
5a080d1567b0a96c38bfc875.jpg,960,640,military helicopter,228,42,834,383
5a5f41f7c9de3d160436cd20.jpg,640,359,military aircraft,98,75,557,217
5a9873c5-d387-48d1-82cf-19713b1c5ff5.jpg,650,365,military aircraft,26,70,569,304
5aaa4b067af5073da037b992.jpg,650,500,military helicopter,67,62,585,320
5ab9b9ca52c65.jpg,505,318,military helicopter,269,86,442,293
5ab9b9ca52c65.jpg,505,318,military helicopter,153,128,239,230
5ab9b9ca52c65.jpg,505,318,military helicopter,80,119,142,181
5acdd7430f25430ed82aab66.jpg,1920,1104,military aircraft,382,109,1646,878
5acdd7430f25430ed82aab66.jpg,1920,1104,military aircraft,47,395,294,744
5b7b33d8e9992.image.jpg,1662,1246,military helicopter,202,136,1615,828
5b7b33d8e9992.image.jpg,1662,1246,military helicopter,57,432,492,662
5b90f31ed3806c2314bb7ac7.jpg,1920,1277,military tank,686,283,1718,804
5c05b3609405c955a42a89e8-750-500.jpg,750,500,military helicopter,44,123,660,345
5c05b427d78fe05731161e77-1136-852.jpg,1136,852,military helicopter,37,135,999,564
5c05b53b8eb7e855c3376d36-750-476.jpg,750,476,military helicopter,23,94,669,401
5cbc1eac0b29425db01d662a67d177a4_c0x0-1600x686.jpg,1600,686,civilian car,840,301,1432,655
5cbc1eac0b29425db01d662a67d177a4_c0x0-1600x686.jpg,1600,686,civilian car,53,318,810,661
5d9fc272a310cf3e97a08c18.jpg,825,542,military helicopter,42,104,736,353
5d9fc272a310cf3e97a08c18.jpg,825,542,military helicopter,157,317,730,477
5dac2a20c03c0e0864168b05.jpg,310,238,civilian aircraft,82,17,241,153
5dcdf92c-4b87-11e9-8e02-95b31fc3f54a_image_hires_113314JPG.jpg,768,768,civilian aircraft,47,331,692,595
5dd78dd0400bcd4b36749427.jpg,485,315,military helicopter,53,48,423,259
5def0db785f54051881ff4bfJPG.jpg,280,157,military aircraft,94,34,248,98
5e33f181c464a1deb64ebd5ab1263159.image.596x842.jpg,596,842,military truck,79,113,533,417
5e33f181c464a1deb64ebd5ab1263159.image.596x842.jpg,596,842,military truck,67,510,532,722
5e6719a3-d08e-4eb3-b3a0-1e0423026d55.jpg,1000,1000,military truck,16,197,901,828
5ece09e6-5913-4c54-b91a-6208e7d2ae57.jpg,1000,1000,military truck,125,135,895,860
5fa68c4181b5211766904e0949fab83c.jpg,639,428,military aircraft,34,104,627,325
5_1024x10242x.jpg,1500,1500,military tank,407,83,1329,583
5_1024x10242x.jpg,1500,1500,military tank,299,886,1354,1437
5_5_b2.jpg,1280,960,military helicopter,54,38,1034,331
5_5_b2.jpg,1280,960,military helicopter,51,368,957,724
5_5_b2.jpg,1280,960,military helicopter,757,706,1131,944
5_C_130_Hercules_Reuters_Rafae.jpg,700,402,military aircraft,140,105,614,276
6-64249_aerial-clipart-view-a-car-car-top-view.jpg,920,496,civilian car,50,38,824,434
6-image-CH-47.jpg,600,400,military helicopter,176,47,419,215
6-image-CH-47.jpg,600,400,military tank,281,311,433,379
60175-izlceqjtpm-1496913217.jpg,1200,630,military aircraft,287,317,824,464
60175-izlceqjtpm-1496913217.jpg,1200,630,military aircraft,845,367,1077,457
612362846.jpg,3500,2334,military truck,1884,238,3422,1563
61535-551_grande.jpg,550,550,military tank,130,190,429,321
61535-551_grande.jpg,550,550,military tank,133,341,429,491
61555-550.jpg,550,550,military tank,23,108,485,447
618474040_360x203.jpg,360,203,military helicopter,11,5,354,123
61AG2qOMCML._SX425_.jpg,425,283,military truck,49,27,369,251
61dLhUrJi0L._SX425_.jpg,425,283,military aircraft,76,25,359,251
61e10ac2a531a278adb2504d4aa5230a.jpg,1024,770,civilian aircraft,254,14,770,712
61gbh2B7vw-L._SX425_.jpg,425,425,military truck,16,88,376,345
61MPwyBRrbL._SY355_.jpg,355,355,military truck,49,72,312,267
61ruz1KuwDL._SX355_.jpg,355,284,military tank,13,79,313,236
61sDiFWwy7L._SX466_.jpg,466,466,military truck,14,62,402,378
622458775760606.jpg,525,349,military helicopter,63,22,489,286
627548-TopView.jpg,720,720,military helicopter,229,27,479,712
62781406-vector-car-vehicle-icon-top-view-from-above-car-top-view-some-vehicle-transport-isolated-on-white-tr.jpg,1300,1300,civilian car,359,40,930,1238
62796-nknqbzdjhe-1499749185.jpg,1200,630,military aircraft,68,187,962,397
62c64ace-e0d8-4dc0-9af2-c5e2031deeeb.jpg,1000,1000,military truck,36,308,890,721
630x355.jpg,630,355,civilian aircraft,13,108,564,310
640px___400_________.jpg,640,427,military truck,27,124,565,279
65181.jpg,628,378,military aircraft,50,113,360,208
65894936-helicopter-icon-view-from-the-top.jpg,1300,1300,military helicopter,193,231,1077,1084
659-88005500_20120118_240.jpg,989,659,military truck,174,284,469,581
659-88005500_20120118_240.jpg,989,659,military truck,573,317,881,579
659-88005500_20120118_240.jpg,989,659,military truck,61,457,140,546
659-military-tank-pressed-into-service-to-clear-the-tracks-near-the-image-acc894fc384d2d6bf2e9d1a419594f86-IANS.jpg,879,659,military tank,399,262,785,403
66583592_epa04779113_A_handout_photo_provided_by_the_Police_department_in_Lippe_on_01_June_2015_trans_NvBQzQNjv4Bq-yKXUOr_MwQ_nCnkwkIf1A5-3W5Bnhg7LKMtopwA9Ow.jpg,2000,1250,civilian car,1328,561,1760,902
66583592_epa04779113_A_handout_photo_provided_by_the_Police_department_in_Lippe_on_01_June_2015_trans_NvBQzQNjv4Bq-yKXUOr_MwQ_nCnkwkIf1A5-3W5Bnhg7LKMtopwA9Ow.jpg,2000,1250,military tank,111,309,1317,944
66a9ffc5bee1f6b3f30c65863d889372.jpg,1440,900,military aircraft,90,75,1158,765
68-71_VR_Renault-Triber_atrOct19_Lead.jpg,770,480,civilian car,47,174,509,432
68460887-1024x680.jpg,1024,680,military truck,93,64,909,621
688711h87f6t28.jpg,672,420,military aircraft,56,105,183,183
688711h87f6t28.jpg,672,420,military aircraft,198,158,300,245
688711h87f6t28.jpg,672,420,military aircraft,304,217,403,313
688711h87f6t28.jpg,672,420,military aircraft,406,289,509,392
68958090-commercial-aviation-plane-on-the-runway-top-view-.jpg,1300,1300,civilian aircraft,118,431,1156,1214
6899317163_e6c8167753_b.jpg,682,1024,military truck,62,235,378,513
694940094001_5841062081001_5841066057001-vs.jpg,931,524,military helicopter,78,16,709,274
694940094001_5841062081001_5841066057001-vs.jpg,931,524,military helicopter,572,325,884,424
694940094001_5847610853001_5847602249001-vs.jpg,931,524,military tank,159,110,819,405
69727035-military-attack-helicopter-top-side-front-view-on-white-background-flat-style-vector-illustration-.jpg,1300,931,military helicopter,63,206,749,473
69727035-military-attack-helicopter-top-side-front-view-on-white-background-flat-style-vector-illustration-.jpg,1300,931,military helicopter,798,230,1145,770
69727035-military-attack-helicopter-top-side-front-view-on-white-background-flat-style-vector-illustration-.jpg,1300,931,military helicopter,97,580,716,819
6a15abf0f3c457150b06ed7fa9351e65.jpg,700,350,military aircraft,37,31,619,320
6acc343861c147c38d40cea65b35eb89.jpg,236,175,civilian aircraft,32,43,210,121
6c2a9d103ea506d1def34964e79475ef.jpg,749,540,military aircraft,205,229,522,350
6c2a9d103ea506d1def34964e79475ef.jpg,749,540,military aircraft,135,58,218,93
6c55cdbe-0739-11e8-82e3-6b95ccc67ee3_1280x720_032500JPG.jpg,768,768,military aircraft,33,101,684,679
6c7wgs52-1415269385.jpg,1708,819,civilian aircraft,17,147,1692,544
6e43v.jpg,1200,810,civilian aircraft,16,202,1069,586
6ipo6XBMT.jpg,848,1200,civilian car,150,22,688,1170
6_tiger1_fullsize.jpg,650,488,military tank,14,33,555,455
7.jpg,852,480,military tank,167,9,708,410
700063628_tp.jpg,400,300,military helicopter,37,52,384,223
70527-russia2520IL-202520plane.jpg,918,506,military aircraft,22,162,829,313
70d9d9fd1642c67945ed910162988c44.jpg,1600,1131,military helicopter,267,194,1390,866
71273003-myanmar_8.jpg,425,320,military aircraft,2,4,422,316
71284301-kashmir-india-july-10-2016-a-military-truck-on-the-road-ladakh-region-of-kashmir-has-significant-ind.jpg,1300,803,military truck,351,475,547,695
7137227-attack-helicopter.jpg,800,481,military helicopter,28,13,486,162
7137227-attack-helicopter.jpg,800,481,military helicopter,202,144,690,367
716LrLbr9VL._SX466_.jpg,466,466,military tank,120,172,412,412
719Not4O9lL._SX425_.jpg,425,276,military aircraft,51,88,376,205
71a92713-f16d-4c63-9686-86f0d4b674b6.jpg,1024,768,civilian car,40,199,912,718
71aee371aff01fd41591ab440adadf44.jpg,1200,812,civilian aircraft,152,54,1068,676
71DPSjiu74L._SX355_.jpg,355,205,military helicopter,29,14,313,189
71LqWwkZOYL._SX425_.jpg,425,425,military tank,34,76,368,294
71siHenm58L._SX425_.jpg,425,269,military tank,24,88,370,243
71vKHBeqWmL._SX679_.jpg,679,394,military aircraft,34,15,584,372
71vlQ86FjwL._SX425_.jpg,425,283,military truck,59,52,363,262
72428_krestin_02.jpg,1200,699,military tank,44,120,989,609
727.jpg,735,978,military tank,67,67,640,885
737maxboeing3.jpg,618,381,civilian aircraft,13,96,558,223
7444837156_5ce9b9e8a5_o.jpg,2448,3248,military helicopter,251,220,2214,3048
7471fe74a6237e07d80e35483fdee302.jpg,1268,1012,military helicopter,117,136,1110,521
7471fe74a6237e07d80e35483fdee302.jpg,1268,1012,military truck,562,553,880,714
7471fe74a6237e07d80e35483fdee302.jpg,1268,1012,military truck,890,590,958,663
7478i-in-PEK.jpg,830,558,civilian aircraft,14,136,799,438
747_8I.jpg,3000,2250,civilian aircraft,466,702,2554,1428
74dt22-TopView.jpg,720,720,military helicopter,202,6,560,694
750px-Lockheed_C-130_Hercules-1024x640.jpg,1024,640,military aircraft,133,62,861,576
75vn0z-TopView.jpg,720,720,military helicopter,235,25,467,689
7629a5c320152e0746597cd4d1372acd.jpg,447,335,military aircraft,30,43,384,298
763fb9b60161a7278bb50e932448c96f.jpg,378,204,military tank,25,16,331,193
76577ee6533569334746499a02a28c92.jpg,1024,693,military truck,50,243,914,664
7679_4_.jpg,500,500,military helicopter,181,89,352,393
767tb-29(1).jpg,500,400,military tank,3,96,263,343
767tb-29(1).jpg,500,400,military tank,316,181,448,296
77374810001_4454747961001_video-still-for-video-4454579105001.jpg,480,270,military tank,98,31,335,186
77374810001_974821497001_ari-origin05-arc-637-1307124375941.jpg,480,268,military helicopter,43,3,427,260
776.jpg,735,551,military tank,156,46,615,515
777_quarter_208694_800.jpg,1347,897,civilian aircraft,92,363,904,628
783462-pantsit.jpg,970,545,military truck,109,53,852,529
789507.jpg,1300,647,military helicopter,160,104,1059,589
799cbca6fba2aa2f02d5f45c2eedbc26.jpg,474,640,military tank,132,32,422,156
799cbca6fba2aa2f02d5f45c2eedbc26.jpg,474,640,military tank,7,151,425,319
799cbca6fba2aa2f02d5f45c2eedbc26.jpg,474,640,military tank,136,336,418,485
799cbca6fba2aa2f02d5f45c2eedbc26.jpg,474,640,military tank,11,508,466,623
7b15bc6f18e7a56e233bf9babfd4be07.jpg,2048,1370,civilian aircraft,35,600,1745,983
7b15bc6f18e7a56e233bf9babfd4be07.jpg,2048,1370,civilian aircraft,596,556,877,689
7b15bc6f18e7a56e233bf9babfd4be07.jpg,2048,1370,civilian aircraft,371,456,791,583
7b15bc6f18e7a56e233bf9babfd4be07.jpg,2048,1370,civilian aircraft,982,506,1209,537
7b15bc6f18e7a56e233bf9babfd4be07.jpg,2048,1370,civilian aircraft,1288,441,1571,498
7b77621ebd7beb8371fa6931d53ba0bf.jpg,450,470,civilian aircraft,72,51,361,402
7c386d053b8fce95a72191d3c9f387e8.jpg,1600,1112,civilian aircraft,269,87,1411,796
7ca7bf1c278345d0839ca1b7e27674f8_c0x0-1600x686.jpg,1600,686,civilian car,767,173,1423,534
7d539e7bb4-army-4.jpg,649,396,military truck,44,63,553,343
7ee2a31767e0b014053b79b9213b8c2a--ww-tanks-armored-vehicles.jpg,236,300,military tank,13,5,190,90
7ee2a31767e0b014053b79b9213b8c2a--ww-tanks-armored-vehicles.jpg,236,300,military tank,7,109,102,197
7ee2a31767e0b014053b79b9213b8c2a--ww-tanks-armored-vehicles.jpg,236,300,military tank,111,97,200,196
7ee2a31767e0b014053b79b9213b8c2a--ww-tanks-armored-vehicles.jpg,236,300,military tank,7,205,189,293
7EQA2ZU3WQI6THWUZEEJS4VNLI.jpg,2400,1430,military tank,167,468,1777,1287
7EQA2ZU3WQI6THWUZEEJS4VNLI.jpg,2400,1430,military tank,1369,624,2105,1066
7_350301.jpg,350,350,military tank,6,131,314,307
7_660_112013023636.jpg,660,528,military truck,67,137,566,381
7_img1141219184512.jpg,500,300,military tank,3,94,206,249
7_top_view.jpg,1024,768,military tank,84,136,858,712
8(1).jpg,1400,1009,military helicopter,468,355,1253,804
8-image-Mi-26.jpg,600,400,military helicopter,193,33,530,203
8-image-Mi-26.jpg,600,400,military helicopter,168,189,357,278
8-image-Mi-26.jpg,600,400,military helicopter,127,273,309,375
8.20tanks.jpg,1920,1400,military tank,877,543,1709,1229
8.20tanks.jpg,1920,1400,military tank,198,516,831,1214
8.jpg,852,480,military aircraft,9,122,624,382
800px-ea-6bprowlerssupportingnorthernwatch-1.jpg,694,520,military aircraft,55,61,603,254
800px-ea-6bprowlerssupportingnorthernwatch-1.jpg,694,520,military aircraft,352,308,622,410
800px-M47E2-Patton-latrun-2.jpg,800,585,military tank,57,109,712,544
800px-M47E2-Patton-latrun-3.jpg,800,600,military tank,11,118,711,572
800px_COLOURBOX23154795.jpg,800,800,civilian aircraft,97,101,673,670
800px_COLOURBOX31605463.jpg,782,800,civilian aircraft,340,63,660,617
800px_COLOURBOX31867406.jpg,800,800,civilian aircraft,264,322,554,627
800px_COLOURBOX33011774.jpg,800,800,civilian aircraft,197,131,630,691
800px_COLOURBOX41557864.jpg,800,320,civilian aircraft,96,126,282,286
800x500_Russian_New.jpg,800,500,military tank,54,83,607,412
807710-raf-typhoon-il76.jpg,970,545,military aircraft,67,27,601,245
807710-raf-typhoon-il76.jpg,970,545,military aircraft,129,255,833,435
811LUKgghvL._SX425_.jpg,425,281,military tank,48,10,371,267
8158a93af277f89143211e22cfa30eca.jpg,561,709,military tank,42,61,490,678
8178c6eefe3f45e99133a65c97ab099d_18.jpg,800,450,military helicopter,40,74,711,277
81f1xC4N64L._SX425_.jpg,425,350,military tank,20,67,374,326
81vdRwdm7yL._SX425_.jpg,425,283,military truck,48,41,360,254
81X1KZO4arL._SX425_.jpg,425,425,military tank,7,95,377,317
81xBWhu7pNL.jpg,1525,2145,civilian aircraft,20,782,1332,1706
82-824821_military-tank-top-top-view-of-a-tank.jpg,920,462,military tank,46,35,716,397
8239b321f43eb29059c03c49e39d64f7.jpg,601,422,military truck,20,82,534,369
828545-helicopter-crash-dna.jpg,1280,720,military helicopter,108,24,1132,700
83-6356usach-47f-750xx4000-2251-0-461200xx749-422-0-0.jpg,749,422,military helicopter,73,56,599,381
832-256572.jpg,320,480,military truck,103,273,221,372
832-256572.jpg,320,480,military truck,228,248,273,301
832-256572.jpg,320,480,military truck,267,248,291,280
832-256576.jpg,480,320,military truck,149,146,327,302
832-256576.jpg,480,320,military truck,317,135,383,217
834633-hercules-aircraft.jpg,970,545,military aircraft,26,82,828,420
854C54FA-ECAD-4B1F-9E46-55828BC38881_w408_r1_s.jpg,408,230,civilian aircraft,83,25,348,128
860EF0A9-9202-4D5E-A5AD632BE8A1B593_source.jpg,4000,2666,civilian aircraft,606,764,3462,1271
865034-indian-air-force-ah-64e-apache-attack-helicopter.jpg,1280,720,military helicopter,340,190,1041,565
87374148-ladakh-india-sep-12-2017-indian-army-truck-convoy-on-narrow-road-along-indus-river-ladakh-india.jpg,1300,1006,military truck,528,405,1045,906
87374148-ladakh-india-sep-12-2017-indian-army-truck-convoy-on-narrow-road-along-indus-river-ladakh-india.jpg,1300,1006,military truck,130,528,201,587
87374148-ladakh-india-sep-12-2017-indian-army-truck-convoy-on-narrow-road-along-indus-river-ladakh-india.jpg,1300,1006,military truck,367,540,425,599
87374148-ladakh-india-sep-12-2017-indian-army-truck-convoy-on-narrow-road-along-indus-river-ladakh-india.jpg,1300,1006,military truck,403,562,466,623
87374183-ladakh-india-sep-12-2017-indian-army-truck-convoy-on-narrow-road-along-indus-river-ladakh-india.jpg,1300,866,military truck,10,25,312,797
87374183-ladakh-india-sep-12-2017-indian-army-truck-convoy-on-narrow-road-along-indus-river-ladakh-india.jpg,1300,866,military truck,366,315,694,578
87374183-ladakh-india-sep-12-2017-indian-army-truck-convoy-on-narrow-road-along-indus-river-ladakh-india.jpg,1300,866,military truck,714,357,899,534
87374183-ladakh-india-sep-12-2017-indian-army-truck-convoy-on-narrow-road-along-indus-river-ladakh-india.jpg,1300,866,military truck,1014,368,1146,482
87374236-ladakh-india-sep-12-2017-indian-army-truck-convoy-on-narrow-road-along-indus-river-ladakh-india.jpg,1300,866,military truck,696,264,1048,641
87374236-ladakh-india-sep-12-2017-indian-army-truck-convoy-on-narrow-road-along-indus-river-ladakh-india.jpg,1300,866,military truck,575,366,666,428
87461584-ladakh-india-sep-12-2017-indian-army-truck-convoy-on-narrow-road-along-indus-river-ladakh-india.jpg,1300,866,military truck,489,365,736,608
87461584-ladakh-india-sep-12-2017-indian-army-truck-convoy-on-narrow-road-along-indus-river-ladakh-india.jpg,1300,866,military truck,778,433,893,547
87461584-ladakh-india-sep-12-2017-indian-army-truck-convoy-on-narrow-road-along-indus-river-ladakh-india.jpg,1300,866,military truck,19,14,368,843
87461646-ladakh-india-sep-12-2017-indian-army-truck-convoy-on-narrow-road-along-indus-river-ladakh-india.jpg,1300,866,military truck,705,347,1021,688
87461647-ladakh-india-sep-12-2017-indian-army-truck-convoy-on-narrow-road-along-indus-river-ladakh-india.jpg,1300,866,military truck,209,424,566,741
87461647-ladakh-india-sep-12-2017-indian-army-truck-convoy-on-narrow-road-along-indus-river-ladakh-india.jpg,1300,866,military truck,576,443,776,680
87461647-ladakh-india-sep-12-2017-indian-army-truck-convoy-on-narrow-road-along-indus-river-ladakh-india.jpg,1300,866,military truck,869,470,996,584
87544049-ladakh-india-sep-12-2017-indian-army-truck-convoy-on-narrow-road-along-indus-river-ladakh-india.jpg,1300,866,military truck,977,256,1294,696
87a00197-b681-4417-8477-e5bd47c89991-AP_Afghanistan_Taliban_TrumpJPG.jpg,4718,3037,military helicopter,1839,599,2834,1157
87a00197-b681-4417-8477-e5bd47c89991-AP_Afghanistan_Taliban_TrumpJPG.jpg,4718,3037,military tank,2433,2327,3332,2807
87a00197-b681-4417-8477-e5bd47c89991-AP_Afghanistan_Taliban_TrumpJPG.jpg,4718,3037,military truck,221,2298,1171,2942
87d3365d3f2446e49b6e0ca29d1c733a_c0x0-1600x686.jpg,1600,686,civilian car,547,270,1220,598
88518643-ladakh-india-sep-12-2017-indian-army-truck-convoy-on-narrow-road-along-indus-river-ladakh-india.jpg,1300,866,military truck,652,266,1142,656
88518643-ladakh-india-sep-12-2017-indian-army-truck-convoy-on-narrow-road-along-indus-river-ladakh-india.jpg,1300,866,military truck,509,407,601,555
8a443a1818674b66815c3da7348237b8_18.jpg,998,562,military tank,190,211,876,495
8aa3a35b-b68b-43eb-a8cc-c6e15fa152cfJPG.jpg,800,800,military truck,50,194,487,537
8aa3a35b-b68b-43eb-a8cc-c6e15fa152cfJPG.jpg,800,800,military truck,490,213,710,609
8bc3fe3b-97dd-41d8-99cf-76997da75bc2-AP_Japan_US_Military_Plane_CrashJPG.jpg,2000,1334,military aircraft,206,290,1046,632
8bc3fe3b-97dd-41d8-99cf-76997da75bc2-AP_Japan_US_Military_Plane_CrashJPG.jpg,2000,1334,military aircraft,1134,507,1638,708
8bc3fe3b-97dd-41d8-99cf-76997da75bc2-AP_Japan_US_Military_Plane_CrashJPG.jpg,2000,1334,military aircraft,1348,854,1776,996
8cc788a7512052a0c451cc4a1d5521de.jpg,1600,1067,military truck,171,130,1199,1006
8D4D5084C4F90E3.jpg,800,533,civilian aircraft,13,111,709,352
9-3.jpg,1205,629,military helicopter,152,119,868,401
9-3.jpg,1205,629,military helicopter,849,37,1073,267
9-3.jpg,1205,629,military helicopter,250,428,1067,609
9-Messerschmitt-ME-323.jpg,600,382,military aircraft,7,91,508,214
900_887898noA4_top-front-angle-view-of-military-tank-covered-in-camo-fondant-with-grad-sitting-on-top-looking-at-a-computer-since-he-likes-both-tanks-and-c.jpg,900,507,military tank,133,74,646,422
90882734-airplane-top-view-vector-illustration-high-detaled-airplane-airline-concept-travel-passenger-plane-j.jpg,1300,1300,civilian aircraft,132,163,1110,1113
909140d1333088058-details-about-tata-motors-range-defence-vehicles-6x6-7kl.jpg,1050,788,military truck,16,76,932,712
9154d31bdf74cd5b8a3540c97383e0bf.jpg,480,360,civilian car,36,116,433,319
91650727-vector-airplane-illustration-plane-plane-top-view-passenger-trip-and-aircraft-transportation-travel-.jpg,1300,1300,civilian aircraft,106,220,1035,1159
91qHHhwPUYL.jpg,1947,2560,military helicopter,69,622,1696,1504
91qHHhwPUYL.jpg,1947,2560,military helicopter,23,2089,464,2459
91qHHhwPUYL.jpg,1947,2560,military helicopter,482,2052,953,2477
91qHHhwPUYL.jpg,1947,2560,military helicopter,981,2065,1478,2442
91qHHhwPUYL.jpg,1947,2560,military helicopter,1489,2066,1936,2433
91VNtmvM85L._SL1500_.jpg,1500,1500,military tank,17,576,1322,1403
920x920(1).jpg,920,612,civilian aircraft,340,136,614,342
9220a128b5f2db3031576cccbec6dc99.jpg,1440,956,military tank,271,194,1133,887
92923279-military-helicopter-in-realistic-style-on-white-background-top-side-front-view-army-air-vehicle-.jpg,1300,787,military helicopter,227,101,902,364
92923279-military-helicopter-in-realistic-style-on-white-background-top-side-front-view-army-air-vehicle-.jpg,1300,787,military helicopter,983,67,1164,386
92923279-military-helicopter-in-realistic-style-on-white-background-top-side-front-view-army-air-vehicle-.jpg,1300,787,military helicopter,105,472,924,693
93602c6f1420748ebb66eb9a64e70161.jpg,1920,1160,military tank,234,287,1414,1058
93602c6f1420748ebb66eb9a64e70161.jpg,1920,1160,military tank,1014,171,1516,398
93602c6f1420748ebb66eb9a64e70161.jpg,1920,1160,military tank,30,368,316,706
93ad54c9fd3c4088adaaaff15a416fff.jpg,626,400,military truck,10,57,193,392
93ad54c9fd3c4088adaaaff15a416fff.jpg,626,400,military truck,200,100,278,349
93ad54c9fd3c4088adaaaff15a416fff.jpg,626,400,military truck,284,125,328,329
93ad54c9fd3c4088adaaaff15a416fff.jpg,626,400,military truck,343,137,419,315
93ad54c9fd3c4088adaaaff15a416fff.jpg,626,400,military truck,428,145,488,310
94007e20fc4ab22fc6c32ec7a3db563f.jpg,1500,1013,military helicopter,11,29,1330,840
950ee9a06da74c6b9cbcd815363a09e2.jpg,672,378,military helicopter,158,79,438,202
95dff36572a8eeffbc610fbd5be65d8e.jpg,1000,1441,military aircraft,38,80,845,847
95dff36572a8eeffbc610fbd5be65d8e.jpg,1000,1441,military aircraft,140,576,894,1292
960x0(1).jpg,960,640,civilian aircraft,11,205,845,549
96230696-commercial-jet-plane-3d-render-top-view-side-view.jpg,1300,722,civilian aircraft,52,22,1148,644
96423649-commercial-aircraft-with-american-flag-on-the-tail-and-a-blue-sky-in-the-background.jpg,1300,762,civilian aircraft,387,162,1132,431
96919b19bf45f6626b1f04ef84db3a8c.jpg,1600,1079,civilian aircraft,90,204,811,892
96919b19bf45f6626b1f04ef84db3a8c.jpg,1600,1079,civilian aircraft,832,231,1442,802
9780124199538.jpg,198,245,civilian aircraft,142,18,190,66
9780124199538.jpg,198,245,civilian aircraft,8,171,42,183
9780124199538.jpg,198,245,civilian aircraft,149,157,194,182
9780861011100-uk-300.jpg,365,500,military helicopter,96,187,341,446
9816_cc2400_001_PVG_cherokee_712x534._V291818945_.jpg,712,534,civilian car,23,135,628,398
98783d1234179616t-make-jeep-edit-its-dodge-wc52-09022009151.jpg,802,615,military truck,59,77,706,514
98a0674a20dcdcbef7fbb4b21baa499e.jpg,500,333,military helicopter,131,67,336,237
98c1461ce0ad4aa0b038046c340d5e15-700.jpg,1213,700,military aircraft,211,226,1047,580
99-01204.jpg,600,600,civilian aircraft,20,154,536,429
9903_cc2400_001_G7D_camaro_712x534._V291827835_.jpg,712,534,civilian car,25,167,635,359
9932311-1524341528723193.jpg,640,495,civilian aircraft,143,12,500,112
9932311-1524341528723193.jpg,640,495,civilian aircraft,322,394,465,456
9932311-1524341528723193.jpg,640,495,civilian aircraft,479,401,578,453
9932311-1524341528723193.jpg,640,495,civilian aircraft,201,403,311,448
9932311-1524341528723193.jpg,640,495,civilian aircraft,106,411,191,445
9932311-1524341528723193.jpg,640,495,civilian aircraft,14,415,87,445
9999015037-l.jpg,600,475,military tank,45,48,599,451
9b60194069f6fb956d5cc8f5349a964a-700.jpg,852,700,military truck,109,434,746,600
9cc9f6c3dc8947578a8a51108b162217_c0x0-1600x686.jpg,1600,686,civilian car,204,286,527,507
9cc9f6c3dc8947578a8a51108b162217_c0x0-1600x686.jpg,1600,686,civilian car,538,185,1144,513
9cc9f6c3dc8947578a8a51108b162217_c0x0-1600x686.jpg,1600,686,civilian car,1190,259,1443,484
9f78cd_1b00f23d51a64254a16c3efd5f5e65ffmv2.jpg,1029,709,military helicopter,27,230,178,431
9f78cd_1b00f23d51a64254a16c3efd5f5e65ffmv2.jpg,1029,709,military helicopter,239,217,400,466
9f78cd_1b00f23d51a64254a16c3efd5f5e65ffmv2.jpg,1029,709,military helicopter,499,213,654,437
9f78cd_1b00f23d51a64254a16c3efd5f5e65ffmv2.jpg,1029,709,military helicopter,824,199,924,460
9P157-2-front-right-firing-mode.jpg,2293,1401,military tank,442,471,1744,1179
9P157-2-top-view-of-9P157-pic-2.jpg,650,433,military tank,74,39,575,329
a-modern-jet-passenger-blue-plane-on-the-runway-view-from-above-a-KJJ4DD.jpg,1300,859,civilian aircraft,119,18,828,741
a-right-front-view-of-four-helicopters-flying-in-formation-top-to-bottom-a-a586ce-1600.jpg,1215,1600,military helicopter,466,593,755,712
a-right-front-view-of-four-helicopters-flying-in-formation-top-to-bottom-a-a586ce-1600.jpg,1215,1600,military helicopter,490,462,694,535
a-right-front-view-of-four-helicopters-flying-in-formation-top-to-bottom-a-a586ce-1600.jpg,1215,1600,military helicopter,484,349,672,424
a-right-front-view-of-four-helicopters-flying-in-formation-top-to-bottom-a-a586ce-1600.jpg,1215,1600,military helicopter,234,750,1124,1135
A-TMLCharLeo2-1.jpg,1024,768,military tank,10,104,1002,503
a-top-view-of-helicopter-flat-line-icon-vector-7454448.jpg,1000,1080,military helicopter,151,200,805,851
a-vertical-reenlistment-poster-depicting-a-nondescript-background-and-in-the-57a427-1600.jpg,1280,1600,military helicopter,218,173,1070,1305
a09f76c0-06e0-4a6b-9d30-78f95f8c29d6.jpg,700,447,military aircraft,5,87,697,335
A10Thunderbolt2_990422-F-7910D-517.jpg,1064,798,military aircraft,140,147,997,619
A220-300.jpg,300,202,civilian aircraft,30,70,267,127
A220-300.jpg,300,202,civilian aircraft,112,136,228,162
a22d86f0fa13488db8d9d84f45c35967.jpg,512,341,military aircraft,155,109,368,183
a320-bloce.jpg,1305,950,civilian aircraft,8,395,1294,799
A320_340912_800.jpg,1347,897,civilian aircraft,82,342,1267,556
A321LR-first-transatlantic-flight-2-1024x683.jpg,1024,683,civilian aircraft,150,81,998,428
A321XLR-01-700x506.jpg,700,506,civilian aircraft,60,170,460,330
A321XLR-Air-Arabia.jpg,300,226,civilian aircraft,32,59,281,148
A321XLR-IndiGo.jpg,3626,2720,civilian aircraft,406,891,3426,1789
A321XLR-SKY.jpg,300,226,civilian aircraft,19,77,288,153
a330-cover.jpg,640,360,civilian aircraft,86,138,576,246
A330neo-first-flight-take-off-005-1024x713.jpg,1024,713,civilian aircraft,152,217,894,418
A330_324162_800.jpg,1347,897,civilian aircraft,57,330,1274,606
A350-1000-British-Airways.jpg,300,210,civilian aircraft,6,83,281,132
A350-900-Air-France-1.jpg,300,200,civilian aircraft,10,76,293,171
A350_XWB_in_flight_1.jpg,1280,854,civilian aircraft,294,137,1001,782
a380-eps-vector_csp37053342.jpg,446,470,civilian aircraft,42,13,396,405
A400-690x368.jpg,690,368,military aircraft,7,33,650,298
A400m_trans_NvBQzQNjv4BqqVzuuqpFlyLIwiB6NTmJwfSVWeZ_vEN7c6bHu2jJnT8.jpg,858,536,military aircraft,81,39,832,392
a417728c-357e-4d32-8cab-31ff507081bb.jpg,1000,1000,military truck,81,121,828,688
a5df2b4184b04c64bf2346654caed930_400x400.jpg,400,400,civilian car,29,196,357,354
A602028129.jpg,1260,764,military helicopter,267,116,997,676
a734368ab5b6b4fa653f667ecd6ef867.jpg,1500,1012,civilian aircraft,97,335,1461,844
a833-512.jpg,512,512,military aircraft,101,161,413,360
aa-Cover-2tus99qvv3khuhlg58fvoou7q4-20170711100422.Medi.jpg,800,448,military aircraft,225,149,784,358
aa-Cover-2tus99qvv3khuhlg58fvoou7q4-20170711100422.Medi.jpg,800,448,military aircraft,342,42,605,152
aa-Cover-dp8temr9iqbm88t4vd1dg71go4-20170607170753.Medi.jpg,800,448,military aircraft,24,121,760,368
aa-Cover-f5p44f4kmkqbtvmd46d3v3ujr0-20191105175626.jpg,400,224,civilian aircraft,22,28,381,147
aa-Cover-s1meecc6pju2pm8ncnta8bdii3-20161124014656.jpg,400,224,military truck,151,16,327,221
ab-army-tank.jpg,1862,1048,military tank,381,351,1690,788
abandoned-il-76-airplane.jpg,550,348,military aircraft,141,157,446,248
abrams-1800x1200.jpg,621,414,civilian aircraft,70,57,604,360
ABV.jpg,2800,1316,military truck,266,323,716,601
ABV.jpg,2800,1316,military tank,680,289,1070,574
ABV.jpg,2800,1316,military tank,701,61,2675,1031
ac13501m36_1.jpg,1600,1200,military tank,131,162,1448,1169
accident-in-nainital_1511377842.jpg,674,506,military truck,272,7,670,500
accident-in-nainital_1511377842.jpg,674,506,civilian car,72,125,394,367
admin-ajax-400x300.jpg,400,300,military tank,41,30,385,239
aedc-helo.jpg,602,499,military helicopter,31,75,600,319
aerial-top-view-of-an-f-15c-eagle-the-fighter-plane-was-on-a-mission-to-escort-0a0934-1600.jpg,1076,1600,military aircraft,85,197,941,1366
aerial-view-of-the-plane-in-the-autumn-forest-top-view-beautiful-autumn-landscape-with-a-plane-PWRDDR.jpg,1300,820,military aircraft,392,108,1218,678
Aerion-AS2-1-e1513934953132-916x515.jpg,916,515,civilian aircraft,66,41,851,222
afdae01e-d024-11e9-9cec-db56b3c139e7_image_hires_062135.jpg,768,768,civilian aircraft,7,164,762,474
afghan-military-helicopter-crash-kills-four-officials.jpg,1200,900,military helicopter,397,232,857,519
afghan-war-rs.jpg,1024,552,military helicopter,567,8,769,218
afghan-war-rs.jpg,1024,552,military helicopter,262,29,325,98
afp_1bd6tq-e1575946874823.jpg,815,612,military aircraft,89,240,723,417
afp_1g75ad.jpg,1800,1200,civilian aircraft,601,246,1794,711
agustawestland-apache-boeing-ah-64-apache-military-helicopter-boeing-ch-47-chinook-png-favpng-PTTuHzGQtDGGga7SEkzRd6Kgz.jpg,820,474,military helicopter,287,141,612,442
AH-1W-Super-Cobra-730x461.jpg,730,461,military helicopter,134,139,590,425
ah-1y-viper-3295086-1170x610.jpg,1170,610,military helicopter,652,137,1083,294
ah-1z.jpg,2689,1985,military helicopter,34,381,2320,1782
ah-1_top.jpg,1600,768,military helicopter,53,176,1532,559
AH-64-Apache-Helicopter-front.jpg,1300,867,military helicopter,111,36,1227,674
ah-64-helicopter.jpg,2500,1667,military helicopter,1030,222,2484,1410
ah-64a-proifle-image22.jpg,1500,750,military helicopter,55,164,1418,532
ah-64e-apache-helicopter-kunduz-afghanistan-3442310-1170x610.jpg,1170,610,military helicopter,42,73,865,461
Ah-64E-Apache.jpg,1366,383,military helicopter,270,12,1234,348
AH-64E-Boeing-Apache-Guardian.jpg,1200,800,military helicopter,78,19,805,759
AH-64_Apache_extraction_exercise2028129.jpg,1260,821,military helicopter,4,90,1104,604
ah.jpg,1350,1732,military helicopter,25,9,1302,298
ah.jpg,1350,1732,military helicopter,39,362,1298,879
ah.jpg,1350,1732,military helicopter,40,961,1297,1485
ah1z_viper.jpg,600,400,military helicopter,160,113,537,284
ah56topview.jpg,389,292,military helicopter,39,12,381,279
ah_64e.jpg,600,400,military helicopter,54,43,446,353
aicjetscorp_aircraft_lease.jpg,1200,370,civilian aircraft,240,42,1159,343
aid289231-v4-728px-Identify-a-Commercial-Aircraft-Step-2Bullet2.jpg,728,546,civilian aircraft,96,52,496,197
Air-Crash.jpg,688,360,military helicopter,33,20,356,258
Air-New-Zealand-Boeing-747-400.jpg,1600,548,civilian aircraft,71,69,1551,433
Airbus-A320-Exterior-1.jpg,680,400,civilian aircraft,35,132,624,321
Airbus-A320.jpg,710,300,civilian aircraft,10,58,662,289
Airbus-A380-800-Emirates.jpg,1200,800,civilian aircraft,12,314,1179,638
Airbus-Commercial-Aircraft-formation-flight-3.jpg,1111,498,civilian aircraft,13,205,648,417
Airbus-Commercial-Aircraft-formation-flight-3.jpg,1111,498,civilian aircraft,511,226,835,357
Airbus-Commercial-Aircraft-formation-flight-3.jpg,1111,498,civilian aircraft,679,207,1042,301
Airbus-Commercial-Aircraft-formation-flight-3.jpg,1111,498,civilian aircraft,815,188,1104,257
Airbus-Family-formation-flight1.jpg,300,221,civilian aircraft,94,24,238,64
Airbus-Family-formation-flight1.jpg,300,221,civilian aircraft,74,55,252,89
Airbus-Family-formation-flight1.jpg,300,221,civilian aircraft,45,73,255,127
Airbus-Family-formation-flight1.jpg,300,221,civilian aircraft,21,130,251,190
airbus-h145-helicopters-EXPH-1745-48.jpg,2250,1500,military helicopter,6,31,2215,1460
airbus-helicopters-nhindustries-nh90-medium-lift-transport-helicopter.jpg,1000,688,military helicopter,1,81,977,648
Airbus-Paris-Air-Show-2019.jpg,1920,1275,civilian aircraft,52,592,1196,975
Airbus-Paris-Air-Show-2019.jpg,1920,1275,civilian aircraft,904,546,1363,733
Airbus-Paris-Air-Show-2019.jpg,1920,1275,civilian aircraft,1074,291,1637,451
Airbus-Paris-Air-Show-2019.jpg,1920,1275,civilian aircraft,1343,263,1773,373
Airbus-Paris-Air-Show-2019.jpg,1920,1275,civilian aircraft,1505,227,1803,306
Airbus-Paris-Air-Show-2019.jpg,1920,1275,civilian aircraft,1517,172,1800,265
Airbus-UH-72A-calendar-march.jpg,300,225,military helicopter,31,8,201,90
Airbus-UH-72A-calendar-march.jpg,300,225,military helicopter,50,96,254,192
Airbus20A380-800.jpg,667,500,civilian aircraft,19,91,665,373
Airbus2BA380.jpg,1600,900,civilian aircraft,160,211,1434,652
airbustookan.jpg,768,480,military aircraft,43,136,751,365
Airbus_A330.jpg,450,250,civilian aircraft,6,77,442,188
Airbus_A400M_Atlas_of_the_RAF_28XM41629_on_approach_to_Bristol_Airport_14May2019_arp.jpg,3914,2584,military aircraft,93,962,3613,1781
Airbus_Concept_Plane.jpg,659,436,civilian aircraft,85,166,448,349
aircraft-circle.jpg,345,345,civilian aircraft,10,80,343,279
aircraft-top-view-civil-and-military-image_csp72631374.jpg,450,303,civilian aircraft,9,20,101,144
aircraft-top-view-civil-and-military-image_csp72631374.jpg,450,303,civilian aircraft,113,12,228,118
aircraft-top-view-civil-and-military-image_csp72631374.jpg,450,303,civilian aircraft,245,12,334,135
aircraft-top-view-civil-and-military-image_csp72631374.jpg,450,303,civilian aircraft,345,10,442,91
aircraft-top-view-civil-and-military-image_csp72631374.jpg,450,303,civilian aircraft,8,175,112,278
aircraft-top-view-civil-and-military-image_csp72631374.jpg,450,303,civilian aircraft,118,136,222,236
aircraft-top-view-civil-and-military-image_csp72631374.jpg,450,303,civilian aircraft,250,175,339,299
aircraft-top-view-civil-and-military-image_csp72631374.jpg,450,303,civilian aircraft,346,125,446,251
aircraft2.jpg,634,254,military aircraft,26,19,605,226
aircraft_0.jpg,1368,756,civilian aircraft,217,32,1357,708
airlines_1550001588067_1556536510974.jpg,600,337,civilian aircraft,34,24,298,181
airlines_1550001588067_1556536510974.jpg,600,337,civilian aircraft,167,185,592,328
Airlines_aeroplane_air_356x200_2918_356.jpg,356,200,civilian aircraft,20,52,326,138
Airplane-Boeing-737-Flying.jpg,4170,2780,civilian aircraft,771,1045,4112,2355
airplane-drawing-plane-png-top-view-games-1084x610.jpg,1084,610,military aircraft,5,128,1077,490
airplane-flat-style-white-background-top-view-front-vi-side-vector-illustration-73059208.jpg,1300,957,civilian aircraft,516,84,1248,263
airplane-flat-style-white-background-top-view-front-vi-side-vector-illustration-73059208.jpg,1300,957,civilian aircraft,554,605,1258,753
airplane-flat-style-white-background-top-view-front-vi-side-vector-illustration-73059208.jpg,1300,957,civilian aircraft,34,68,744,856
airplane-isolated-top-front-view-plner-53261261.jpg,1300,1130,civilian aircraft,150,30,1143,277
airplane-isolated-top-front-view-plner-53261261.jpg,1300,1130,civilian aircraft,152,318,1144,1008
airplane-on-wooden-floor-background-top-stock-illustration_csp57139569.jpg,450,193,civilian aircraft,231,1,429,147
airplane-png-top-view-10.jpg,268,285,civilian aircraft,2,1,262,278
airplane-runway-top-view-flat-vector-illustration-airplane-runway-top-view-159179257.jpg,800,533,civilian aircraft,207,21,662,511
airplane-seamless-pattern-background-vector-illustration-top-view-plane-and-aircraft-transportation-travel-way-design-journey-object.jpg,561,581,civilian aircraft,91,108,221,239
airplane-seamless-pattern-background-vector-illustration-top-view-plane-and-aircraft-transportation-travel-way-design-journey-object.jpg,561,581,civilian aircraft,233,117,276,180
airplane-seamless-pattern-background-vector-illustration-top-view-plane-and-aircraft-transportation-travel-way-design-journey-object.jpg,561,581,civilian aircraft,352,77,475,246
airplane-seamless-pattern-background-vector-illustration-top-view-plane-and-aircraft-transportation-travel-way-design-journey-object.jpg,561,581,civilian aircraft,348,333,467,490
airplane-seamless-pattern-background-vector-illustration-top-view-plane-and-aircraft-transportation-travel-way-design-journey-object.jpg,561,581,civilian aircraft,104,341,216,490
airplane-seamless-pattern-background-vector-illustration-top-view-plane-and-aircraft-transportation-travel-way-design-journey-object.jpg,561,581,civilian aircraft,51,129,82,172
airplane-seamless-pattern-background-vector-illustration-top-view-plane-and-aircraft-transportation-travel-way-design-journey-object.jpg,561,581,civilian aircraft,37,77,53,110
airplane-seamless-pattern-background-vector-illustration-top-view-plane-and-aircraft-transportation-travel-way-design-journey-object.jpg,561,581,civilian aircraft,121,53,166,108
airplane-seamless-pattern-background-vector-illustration-top-view-plane-and-aircraft-transportation-travel-way-design-journey-object.jpg,561,581,civilian aircraft,228,354,284,423
airplane-seamless-pattern-background-vector-illustration-top-view-plane-and-aircraft-transportation-travel-way-design-journey-object.jpg,561,581,civilian aircraft,296,374,326,410
airplane-seamless-pattern-background-vector-illustration-top-view-plane-and-aircraft-transportation-travel-way-design-journey-object.jpg,561,581,civilian aircraft,235,243,339,347
airplane-seamless-pattern-background-vector-illustration-top-view-plane-and-aircraft-transportation-travel-way-design-journey-object.jpg,561,581,civilian aircraft,301,126,329,180
airplane-silhouettetop-view-jet-eps-vector_csp52624383.jpg,450,470,civilian aircraft,49,28,395,418
airplane-sky-commercial-airplane-top-view-view-above-vector-96058507.jpg,1300,1390,civilian aircraft,175,114,1145,1141
Airplane-take-off-wallpaper.jpg,1000,577,civilian aircraft,127,202,731,377
airplane-top-view-airplane-vector-17249019.jpg,1000,1080,civilian aircraft,24,53,953,973
airplane-top-view-airplane-vector.jpg,1200,1296,civilian aircraft,31,19,1182,1164
airplane-top-view-and-aircraft-vector-17659902.jpg,1000,1080,civilian aircraft,112,44,603,466
airplane-top-view-and-aircraft-vector-17659902.jpg,1000,1080,civilian aircraft,66,490,246,724
airplane-top-view-and-aircraft-vector-17659902.jpg,1000,1080,military aircraft,94,754,214,962
airplane-top-view-eps-vector_csp55282647.jpg,444,470,civilian aircraft,65,49,379,393
airplane-top-view-line-icon-concept-airplane-top-view-flat-vector-symbol-sign-outline-illustration-T1G0EY.jpg,1300,1085,civilian aircraft,17,7,1292,974
airplane-top-view-passenger-or-commercial-jet-boarding-pass-and-passport-paper-world-map-cartography-and-geography-aircrfat-lat-style-journey-or-T4T5WM.jpg,1300,1238,civilian aircraft,256,257,997,1018
airplane-top-view-seamless-vector-17748775.jpg,1000,1080,military aircraft,353,282,652,721
airplane-top-view-seamless-vector-17748775.jpg,1000,1080,military aircraft,658,551,888,927
airplane-top-view-seamless-vector-17748775.jpg,1000,1080,military aircraft,101,526,348,954
airplane-top-view-seamless-vector-17748775.jpg,1000,1080,military aircraft,153,36,330,489
airplane-top-view-vector-illustration-high-detaled-airplane-airline-concept-travel-passenger-illustration_csp52788928.jpg,180,195,civilian aircraft,22,23,164,156
airplane-top-view-vector-illustration-holiday-trip-flying-passenger-jet-transportation-commercial-79942635.jpg,1300,1390,civilian aircraft,146,41,830,665
airplane-top-view-vector-illustration-holiday-trip-flying-passenger-jet-transportation-commercial-79942635.jpg,1300,1390,civilian aircraft,500,704,891,1248
airplane-top-view-vector-illustration-holiday-trip-flying-passenger-jet-transportation-commercial-79942635.jpg,1300,1390,civilian aircraft,934,811,1252,1201
airplane-top-view_23-2147514517.jpg,626,626,civilian aircraft,115,62,504,573
airplane-topview-symbol-m1ehyj.jpg,368,320,civilian aircraft,10,13,365,289
airplane-travel-sky-travel-vacation-b0112e-1024.jpg,1024,768,civilian aircraft,345,199,1010,456
airplane-vector-illustration-top-view-clip-art__k56363657.jpg,450,470,civilian aircraft,112,201,332,408
airplanes-aircrafts-helicopters-set-air-260nw-1503096545.jpg,260,280,civilian aircraft,9,9,51,67
airplanes-aircrafts-helicopters-set-air-260nw-1503096545.jpg,260,280,civilian aircraft,81,20,118,58
airplanes-aircrafts-helicopters-set-air-260nw-1503096545.jpg,260,280,civilian aircraft,14,88,49,112
airplanes-aircrafts-helicopters-set-air-260nw-1503096545.jpg,260,280,civilian aircraft,83,88,118,131
airplanes-aircrafts-helicopters-set-air-260nw-1503096545.jpg,260,280,civilian aircraft,204,71,259,131
airplanes-aircrafts-helicopters-set-air-260nw-1503096545.jpg,260,280,civilian aircraft,149,195,187,246
airplanes-aircrafts-helicopters-set-air-260nw-1503096545.jpg,260,280,civilian aircraft,209,195,247,245
airplanes-aircrafts-helicopters-set-air-260nw-1503096545.jpg,260,280,civilian aircraft,19,184,56,256
airplanes-aircrafts-helicopters-set-air-260nw-1503096545.jpg,260,280,military helicopter,208,23,245,58
airplanes-aircrafts-helicopters-set-air-260nw-1503096545.jpg,260,280,military helicopter,220,149,247,178
airplanes-aircrafts-helicopters-set-air-260nw-1503096545.jpg,260,280,military helicopter,20,128,46,174
airplanes-and-military-aircraft-top-view-3d-vector-18919023.jpg,1000,860,civilian aircraft,345,116,597,406
airplanes-and-military-aircraft-top-view-3d-vector-18919023.jpg,1000,860,military aircraft,63,100,278,399
airplanes-and-military-aircraft-top-view-3d-vector-18919023.jpg,1000,860,civilian aircraft,369,442,641,705
airplanes-and-military-aircraft-top-view-3d-vector-18919023.jpg,1000,860,civilian aircraft,669,435,942,692
airplanes-and-military-aircraft-top-view-3d-vector-18919023.jpg,1000,860,civilian aircraft,25,423,340,677
airplanes-and-military-aircraft-top-view-3d-vector-18919023.jpg,1000,860,civilian aircraft,661,128,987,392
airplanes-set-top-view-flat-600w-520248577.jpg,600,620,military helicopter,493,185,559,269
airplanes-set-top-view-flat-600w-520248577.jpg,600,620,military helicopter,343,182,425,285
airplanes-set-top-view-flat-600w-520248577.jpg,600,620,military helicopter,494,321,593,409
airplanes-set-top-view-flat-600w-520248577.jpg,600,620,military aircraft,357,477,411,580
airplanes-set-top-view-flat-600w-520248577.jpg,600,620,military aircraft,505,474,562,584
airplanes-set-top-view-flat-600w-520248577.jpg,600,620,civilian aircraft,24,19,114,169
airplanes-set-top-view-flat-600w-520248577.jpg,600,620,civilian aircraft,167,24,283,113
airplanes-set-top-view-flat-600w-520248577.jpg,600,620,civilian aircraft,338,31,427,129
airplanes-set-top-view-flat-600w-520248577.jpg,600,620,civilian aircraft,473,17,570,136
airplanes-set-top-view-flat-600w-520248577.jpg,600,620,civilian aircraft,184,212,263,266
airplanes-set-top-view-flat-600w-520248577.jpg,600,620,civilian aircraft,45,209,116,280
airplanes-set-top-view-flat-600w-520248577.jpg,600,620,civilian aircraft,13,349,150,416
airplanes-set-top-view-flat-600w-520248577.jpg,600,620,civilian aircraft,38,466,134,592
airplanes-set-top-view-flat-600w-520248577.jpg,600,620,civilian aircraft,186,474,273,588
airplanes-set-top-view-flat-600w-520248577.jpg,600,620,civilian aircraft,182,305,277,422
airplanes-set-top-view-flat-600w-520248577.jpg,600,620,civilian aircraft,325,308,439,429
Airplane_aviation_720-770x433.jpg,770,433,civilian aircraft,125,117,653,267
Airport-plane-runway-top-view_2880x1800.jpg,2880,1800,civilian aircraft,1001,98,1567,622
airshow-1516742_960_720.jpg,960,640,military helicopter,201,160,884,495
air_c17_top_lg.jpg,800,520,military aircraft,71,21,708,453
Akash-Weapon-System2.jpg,1200,669,military truck,54,11,1158,652
Akash_surface-to-air_defense_missile_system_India_Indian_army_military_equipment_defense_industry_640_001.jpg,640,480,military truck,5,5,632,446
Al-Khalid-Battle-Tank.jpg,1152,864,military tank,55,192,1035,736
Alabino110416-22.jpg,1260,816,military tank,41,225,1135,715
Alabino110416-22.jpg,1260,816,military tank,429,57,1025,217
ALAT-Mali.jpg,636,355,military helicopter,234,15,633,186
ALAT-Mali.jpg,636,355,military helicopter,1,130,543,351
aletta-wenas-helispread2-2forportfoliobox.jpg,1920,819,military helicopter,100,44,1135,468
alexandru-chirileac-m1a1-abrams-vertical-p1.jpg,1753,1765,military tank,70,346,1652,871
alexandru-chirileac-m1a1-abrams-vertical-p1.jpg,1753,1765,military tank,80,1018,1625,1617
alexutemov161100281.jpg,450,450,civilian car,252,75,415,382
alexutemov161100281.jpg,450,450,civilian car,27,64,185,381
Alfa-Romeo-Stelvio-20web.jpg,792,445,civilian car,154,118,644,348
algeria-1.jpg,660,440,civilian aircraft,80,287,392,339
ALH_Rudra_AFP.jpg,900,450,military helicopter,610,200,864,337
ALH_Rudra_AFP.jpg,900,450,military helicopter,235,58,557,198
ALH_Rudra_AFP.jpg,900,450,military helicopter,21,210,276,332
Alvis-Fox-1-600x600.jpg,600,600,military truck,6,144,599,508
Alvis-Stormer-HVM-CVRT-For-Sale-2-400x400.jpg,400,400,military tank,2,30,392,348
al_truck.jpg,591,656,military truck,38,30,556,588
amarg-aerial-view-kc135-stratotankers.jpg,640,334,military aircraft,252,16,472,195
amarg-aerial-view-kc135-stratotankers.jpg,640,334,military aircraft,9,6,224,153
amarg-aerial-view-kc135-stratotankers.jpg,640,334,military aircraft,130,177,337,320
amarg-aerial-view-kc135-stratotankers.jpg,640,334,military aircraft,494,35,632,215
Amazing-Military-Tank-Shape-Pencil-SDL026468957-1-1a6dc.jpg,850,995,military tank,9,262,841,708
ambulance-car-in-traffic-jam-top-view_gg98356378.jpg,450,357,civilian car,228,90,332,140
ambulance-car-in-traffic-jam-top-view_gg98356378.jpg,450,357,civilian car,346,92,444,135
ambulance-car-in-traffic-jam-top-view_gg98356378.jpg,450,357,civilian car,363,148,447,202
ambulance-car-in-traffic-jam-top-view_gg98356378.jpg,450,357,civilian car,224,154,349,203
ambulance-car-in-traffic-jam-top-view_gg98356378.jpg,450,357,civilian car,46,83,220,172
ampaire-electric-ie_resize_md.jpg,744,419,civilian aircraft,159,159,611,285
AMW_Asia_Motor_works_defence_range_military_vehicle_at_DefExpo_2012_exhibition_New_Delhi_640.jpg,641,309,military truck,247,28,638,257
AMX-13_Chaffee-1.jpg,835,446,military tank,6,47,823,430
AMX-13_FL11-1.jpg,904,361,military tank,62,13,895,344
an-air-to-air-left-side-view-of-a-38th-air-rescue-squadron-hh-60g-pave-hawk-b2e59d-640.jpg,640,427,military helicopter,167,164,581,260
an-air-to-air-left-side-view-of-a-b-1b-bomber-during-an-news-photo-1576010325.jpg,2956,1945,military aircraft,371,701,2777,1130
an-air-to-air-left-side-view-of-three-38th-air-rescue-squadron-hh-60g-pave-a18fdf-1600.jpg,1600,1067,military helicopter,612,265,1557,724
an-air-to-air-left-side-view-of-three-38th-air-rescue-squadron-hh-60g-pave-a18fdf-1600.jpg,1600,1067,military helicopter,11,310,492,649
an-air-to-air-right-side-view-of-an-hh-60g-pave-hawk-helicopter-from-the-38th-53921a-640.jpg,640,417,military helicopter,210,261,556,359
an-armata-t-14-battle-tank-is-seen-during-the-victory-day-news-photo-956810882-1550085632.jpg,3851,2527,military tank,26,713,3773,2468
an-m22-locust-american-light-tank-at-bovington-tank-museum-in-the-uk-741x629.jpg,741,629,military tank,47,62,726,607
Anand-Toys-Military-Truck-SDL295721068-1-1e91f.jpg,850,995,military truck,25,240,840,788
Anand-Toys-Military-Truck-SDL295721068-3-a4bf2.jpg,850,995,military truck,18,231,827,825
andre-reinhardt-proscout-mki-woodcamo-topview.jpg,1920,1080,military tank,16,161,1895,926
ani1565200543.jpg,630,420,military truck,239,183,518,413
anti-landmine-vehicles.jpg,500,300,military truck,78,53,448,246
Antonov-An-12-3-view-1213a.jpg,400,270,civilian aircraft,98,81,291,263
Antonov-An-12-3-view-1213a.jpg,400,270,civilian aircraft,210,5,395,67
Antonov-An-12-3-view-1213a.jpg,400,270,civilian aircraft,6,15,192,74
an_22.jpg,600,401,military aircraft,24,29,572,362
aOa3RO-TopView.jpg,720,720,military helicopter,66,7,658,654
APA-Andrew-Thomas.jpg,800,533,military helicopter,23,111,765,403
Apache(1).jpg,780,585,military helicopter,185,27,689,519
apache-1024x683.jpg,1024,683,military helicopter,125,42,990,636
Apache-AH-64E-attack-helicopter-during-its-induction-ceremony-into-the-Indian-Air-Force-IAF-Pathankot-Air-Force-Station-Sept-03-2019-Image-PTI-770x435.jpg,770,435,military helicopter,8,39,766,329
apache-final-final.jpg,875,583,military helicopter,265,161,690,514
Apache-Guardian-Attack-Helicopter.jpg,875,583,military helicopter,140,5,791,537
Apache-Helicopter-take-off.jpg,1300,867,military helicopter,405,243,1064,665
apache-helicopter.jpg,640,360,military helicopter,85,30,545,352
Apache-helicopter_720725.jpg,720,725,military helicopter,15,57,707,693
Apache.jpg,1200,669,military helicopter,148,32,1119,624
Apache1-696x392.jpg,696,392,military helicopter,26,4,665,308
Apache20helicopter20pull20back.jpg,841,1000,military helicopter,9,77,800,505
Apache_1.jpg,1152,864,military helicopter,160,133,1126,570
apache_attack_helicopter_759.jpg,759,422,military helicopter,59,19,625,404
apache_helicopter_660x450_090319115136.jpg,660,450,military helicopter,396,187,535,271
Apache_Helicopter_Block_III_4.jpg,665,323,military helicopter,74,22,661,303
Apache_Helicopter_Firing_Rockets_MOD_45154922.jpg,2000,1119,military helicopter,637,41,1937,895
Apache_PTI-770x433.jpg,770,433,military helicopter,2,83,663,338
apache_rain.jpg,640,480,military helicopter,72,63,560,356
apache_set_660x450_090319044524.jpg,660,450,military helicopter,181,7,524,257
APcover51.jpg,300,400,civilian aircraft,7,20,297,281
apo-wmid-2016-053-0132-pano.jpg,1440,518,military tank,1143,236,1409,368
apo-wmid-2016-053-0132-pano.jpg,1440,518,military tank,11,255,152,376
apo-wmid-2016-053-0132-pano.jpg,1440,518,military tank,226,225,457,386
apo-wmid-2016-053-0132-pano.jpg,1440,518,military tank,476,231,683,380
apo-wmid-2016-053-0132-pano.jpg,1440,518,military tank,714,228,907,385
apo-wmid-2016-053-0132-pano.jpg,1440,518,military tank,941,237,1069,367
app-commercial-aircraft-small.jpg,760,538,civilian aircraft,81,59,718,453
APS_437px.jpg,437,234,military truck,3,73,157,231
ap_07081103964_wide-62ebfc69dbd71994d534971150313dcc37d080bd-s800-c85.jpg,800,449,military aircraft,93,88,579,223
ap_07081103964_wide-62ebfc69dbd71994d534971150313dcc37d080bd-s800-c85.jpg,800,449,military aircraft,490,210,706,259
AP_18079428646977.jpg,5760,3840,military helicopter,275,2502,2469,3063
AP_18079428646977.jpg,5760,3840,military helicopter,2522,1399,4723,2968
AP_19070763210473.jpg,3878,2199,civilian aircraft,948,198,3766,1802
AP_19186259199270.jpg,5760,3744,military truck,1636,298,4860,2888
AP_19297722410598.jpg,737,414,military aircraft,223,112,613,246
arb-convoy-banner-01-1.jpg,3840,1820,civilian car,2745,495,3640,1402
arb-convoy-banner-01-1.jpg,3840,1820,civilian car,1817,549,2636,1337
arb-convoy-banner-01-1.jpg,3840,1820,civilian car,1103,786,1764,1422
arb-convoy-banner-01-1.jpg,3840,1820,civilian car,528,908,1024,1406
arizona-airforce-boneyard-b1b-bombers.jpg,640,427,military aircraft,356,198,637,279
arizona-airforce-boneyard-b1b-bombers.jpg,640,427,military aircraft,4,230,349,287
Arjun-Tank.jpg,998,714,military tank,29,201,952,698
Arjun_main_battle_tank_heavy_tracked_armoured_vehicle_India_indian_Army_line_drawing_blueprint_002.jpg,546,400,military tank,4,237,539,391
Arjun_main_battle_tank_heavy_tracked_armoured_vehicle_India_indian_Army_line_drawing_blueprint_002.jpg,546,400,military tank,7,10,540,213
armata.jpg,600,400,military tank,9,103,587,312
Armored-Personnel-Carrier-India-Panthera-F9-APC-.jpg,960,540,military truck,1,83,866,464
armored-truck-vector-mockup-clipart__k61587600.jpg,450,264,military truck,118,15,332,105
armored-truck-vector-mockup-clipart__k61587600.jpg,450,264,military truck,356,12,434,232
armored-truck-vector-mockup-clipart__k61587600.jpg,450,264,military truck,118,143,333,226
armored-truck-vector-mockup-clipart__k61587600.jpg,450,264,military truck,18,140,94,228
armored-truck-vector-mockup-clipart__k61587600.jpg,450,264,military truck,13,14,92,100
ArmoredBoxville-GTAO-front.jpg,1920,1080,military truck,207,41,1872,937
armoured-military-truck-manufacturers-traders-dealers-supplier-in-india-1-638.jpg,638,903,military truck,333,549,458,633
armoured-military-truck-manufacturers-traders-dealers-supplier-in-india-1-638.jpg,638,903,military truck,115,532,239,633
armoured-military-truck-manufacturers-traders-dealers-supplier-in-india-1-638.jpg,638,903,military truck,119,696,239,784
Armoured-Security-Vehicles-India-E28093-MSPV-Panthera-T4.jpg,900,600,military truck,210,85,764,471
armoured-vehicles.jpg,543,768,military truck,132,86,496,340
armstrong_in_lltv-2_jun_1969_s69-36906.jpg,3000,3000,military helicopter,1943,1633,2192,1993
army-1-620x400.jpg,620,400,military truck,158,95,582,379
army-3_660_101312084023.jpg,660,449,military helicopter,20,88,652,407
army-5-620x400.jpg,620,400,military truck,20,66,612,361
Army-ALH-Dhruv-696x392.jpg,696,392,military helicopter,36,27,662,318
army-ladakh-759.jpg,759,422,military truck,147,190,334,310
army-ladakh-759.jpg,759,422,military truck,397,239,467,290
army-ladakh-759.jpg,759,422,military truck,74,223,127,268
army-ladakh-759.jpg,759,422,military truck,509,259,681,295
army-ladakh-759.jpg,759,422,military truck,348,243,387,272
army-russian-tanks-647_110116025702_0.jpg,647,404,military tank,112,75,618,375
army-tank-bccl-1.jpg,1200,900,military tank,441,416,1188,827
army-tank-bccl-1.jpg,1200,900,military tank,8,423,411,735
army-truck-500x500.jpg,354,293,military truck,9,45,347,276
army-truck-ambushed-by-suspected-ulfa-militants_c20ba4fa-af55-11e6-b961-04ee4fa7b706.jpg,640,480,military truck,255,61,631,407
army-truck-centy-for-kids-j-h-traders-original-imaezjvrrdyvyyte.jpg,832,548,military truck,59,5,828,519
army-truck-kashmir-attack-759.jpg,759,422,military truck,247,7,710,384
army-truck-toys-for-kids-military-truck-military-vehicle-army-original-imafgug6zrhn8tys.jpg,612,470,military truck,3,21,551,424
army-truck-toys-for-kids-military-truck-military-vehicle-army-original-imafgug7ugybkgec.jpg,612,491,military truck,1,3,605,459
army-trucks.jpg,1380,816,military truck,13,78,1254,645
army23.jpg,1064,715,military helicopter,827,372,1062,487
army23.jpg,1064,715,military truck,177,243,819,636
army23.jpg,1064,715,military truck,8,400,146,610
army29.jpg,773,494,military truck,157,14,713,462
army7118342.jpg,480,321,military truck,414,85,469,143
army7118344.jpg,480,321,military truck,43,10,474,307
army7118346.jpg,480,325,military truck,100,21,466,301
armytank.jpg,500,279,military tank,12,41,485,243
armytanks.jpg,1200,675,military tank,321,280,1081,576
army_chetak_indianarmy.nic_.in_.jpg,1200,800,military helicopter,126,101,1177,507
Army_JK.jpg,1080,720,military truck,692,159,1069,541
Army_JK.jpg,1080,720,civilian car,8,187,290,419
army_truck_man_8_136_fae_4x4_ex_army_1987_1402642.jpg,800,600,military truck,68,44,680,513
army_truck_unimog_funmog_unimog_mit_doppelkabine_doka_unimog_showcar_1996_5116237.jpg,640,480,military truck,76,38,593,407
arrows_4_door_blue_car_top_view_powerpoint_slides_and_ppt_diagram_templates_1.jpg,560,420,civilian car,78,115,479,292
article-0-1A2D120D000005DC-409_964x894.jpg,964,894,civilian aircraft,35,140,957,311
article-0-1A2D120D000005DC-409_964x894.jpg,964,894,civilian aircraft,555,467,697,555
article-0-1A2D120D000005DC-409_964x894.jpg,964,894,civilian aircraft,719,428,851,526
article-0-1A2D120D000005DC-409_964x894.jpg,964,894,civilian aircraft,108,9,427,112
article-0-1A2D120D000005DC-409_964x894.jpg,964,894,civilian aircraft,181,580,948,862
article-0-1A2D120D000005DC-409_964x894.jpg,964,894,civilian aircraft,367,429,520,591
article-2324886-19C952BE000005DC-518_964x623.jpg,964,623,civilian aircraft,31,21,939,589
articleLarge(1).jpg,600,330,civilian aircraft,20,6,586,239
articleLarge.jpg,600,350,military truck,286,70,527,333
articleLarge.jpg,600,350,military truck,225,125,283,189
Articles_News_AutoAuctions.jpg,1220,814,civilian car,318,90,558,332
Articles_News_AutoAuctions.jpg,1220,814,civilian car,304,423,1066,769
Articles_News_AutoAuctions.jpg,1220,814,civilian car,2,341,293,792
Articles_News_AutoAuctions.jpg,1220,814,civilian car,1083,152,1212,702
article_5dce56a2213a61_46833827_large.jpg,719,420,military tank,84,89,713,391
Artitectanktop.jpg,1024,590,military tank,192,136,866,498
Arunachal-in-aviation-map-with-landing-of-first-commercial-aircraft-in-Pasighat.jpg,320,220,civilian aircraft,6,37,128,149
Arunachal-in-aviation-map-with-landing-of-first-commercial-aircraft-in-Pasighat.jpg,320,220,civilian aircraft,156,43,292,72
Asal-Uttar-India-Pakistan-1965-tank-battle-696x392.jpg,696,392,military tank,7,187,150,304
Asal-Uttar-India-Pakistan-1965-tank-battle-696x392.jpg,696,392,military tank,9,78,103,157
Asal-Uttar-India-Pakistan-1965-tank-battle-696x392.jpg,696,392,military tank,162,157,302,247
Asal-Uttar-India-Pakistan-1965-tank-battle-696x392.jpg,696,392,military tank,418,139,653,201
asb0419aero1.jpg,900,550,civilian aircraft,47,36,852,479
asb0419aero5.jpg,900,550,civilian aircraft,97,41,859,367
asb0419aero8.jpg,900,550,military aircraft,33,38,887,461
Ashok-Leylan-Defence.jpg,1000,560,military truck,10,58,623,552
Ashok-Leyland-Super-Stallion-Dharmakshethra-1024x576.jpg,1024,576,military truck,242,18,897,555
AshokLeylandStallion-kzFB--621x4142540LiveMintJPG.jpg,621,414,military truck,55,10,564,396
Ashok_Leyland_400x300.jpg,400,300,military truck,14,119,358,233
ashok_leyland_stallion.jpg,600,401,military truck,91,74,574,323
Ashok_Leyland_Stallion_6X6_28968603741529.jpg,1024,683,military truck,93,160,874,497
Ashok_leylan_MPV.jpg,620,376,military truck,16,26,607,349
asrntcvvn3zbrcjz4gs7.jpg,800,450,military tank,45,69,651,399
asset_6_2048x.jpg,1613,1075,civilian car,114,216,1548,884
attack-AH-64-Apache-reconnaissance-helicopter-prototype-form-1975.jpg,1600,1066,military helicopter,216,71,1451,940
attack-helicopters.jpg,800,550,military helicopter,40,61,772,454
attacked-indian-suspected-ambulance-leaves-sunjuwan-militants_07fc6cf4-196f-11e8-80b7-5f600041ef82.jpg,960,540,military truck,379,248,490,482
audi-2191551_960_720.jpg,960,494,civilian car,188,11,784,475
AuroraE28099s-subsonic-D8-X-Plane-and-D8-commercial-aircraft-concept-1024x597.jpg,1024,597,civilian aircraft,216,272,997,455
AuroraE28099s-subsonic-D8-X-Plane-and-D8-commercial-aircraft-concept-1024x597.jpg,1024,597,civilian aircraft,146,86,490,198
Ausf-A_Pzrgt-stab_PzdGrossDtsch_HD-1200x444.jpg,1200,444,military tank,257,35,1171,426
autocad-drawing-bmw-m3-coupe-top-view-vehicles-cars-dwg-dxf-209.jpg,640,360,civilian car,8,58,625,327
autocad-drawing-bmw-m5-sedan-car-5-series-top-view-vehicles-cars-dwg-dxf-213.jpg,640,360,civilian car,8,62,627,320
autocad-drawing-bmw-x5-suv-4x4-4wd-german-automobile-top-view-vehicles-cars-dwg-dxf-205.jpg,640,360,civilian car,4,63,625,329
autocad-drawing-f150-ford-pick-up-regular-cab-top-view-vehicles-cars-dwg-dxf-242.jpg,640,360,military truck,8,91,584,291
autocad-drawing-nissan-350z-sports-car-top-view-vehicles-cars-dwg-dxf-217.jpg,640,360,civilian car,11,66,598,311
Autocad-drawing-of-tank-cad-block-military-tank-autocad-sample.jpg,646,488,military tank,184,53,410,158
Autocad-drawing-of-tank-cad-block-military-tank-autocad-sample.jpg,646,488,military tank,122,178,435,267
Autocad-drawing-of-tank-cad-block-military-tank-autocad-sample.jpg,646,488,military tank,167,284,452,401
Autos-Happy-Honda-Homepage-320.jpg,1100,1090,civilian car,686,467,1003,626
Autos-Happy-Honda-Homepage-320.jpg,1100,1090,civilian car,432,479,685,666
Autos-Happy-Honda-Homepage-320.jpg,1100,1090,civilian car,117,481,404,640
Auto_-770x433.jpg,770,433,civilian car,6,39,765,222
AV.jpg,507,338,military aircraft,43,59,499,247
avap_slides_ATR72_Flybe_GFBKA.jpg,960,300,civilian aircraft,225,63,938,233
avap_slide_Philippine_Airlines_Boeing_777-300ER.jpg,960,300,civilian aircraft,57,67,947,216
Aviamix2015-03_28cropped29.jpg,723,482,military aircraft,55,63,678,385
aviation-images.comUniversal-Images-Group-via-Getty-Images-6.jpg,720,478,military aircraft,89,98,705,373
Aviation72-AV72-24004-AV7224004-Westland-Gazelle-AH-1-Diecast-Model-ZB692-British-Army-Air-Corps-Middle-Wallop-Top-View.jpg,1517,800,military helicopter,583,61,954,760
AviationTriad_CommercialAirplane.jpg,724,483,civilian aircraft,68,142,494,274
avion_canadian_.f54f5055519.original.jpg,1924,1250,civilian aircraft,190,367,1691,823
AW149_Leonardo.jpg,768,418,military helicopter,40,139,763,381
AW159-Wildcat-helicopters-2_720725.jpg,720,725,military helicopter,132,47,506,288
AW159-Wildcat-helicopters-2_720725.jpg,720,725,military helicopter,194,311,674,662
AzRbOxC.jpg,858,443,military tank,33,16,838,408
B0pmFbx.jpg,1300,844,military tank,38,190,1006,768
b17-flying.jpg,860,659,civilian aircraft,12,17,849,580
b2e0054e0292d8e2455da713156609c51594e832.jpg,3000,2001,civilian aircraft,1164,577,2464,1800
b2spiritdsfsfss.jpg,1260,774,military aircraft,132,58,1165,717
b36-peacemakers-davis-monthan-amarg.jpg,602,480,civilian aircraft,9,324,571,470
b36f5405013ce917bbb5f28f7b0f9fcfbf5a97386900030db6e96d50b5710aa7_4108968.jpg,768,432,civilian aircraft,518,52,707,99
b36f5405013ce917bbb5f28f7b0f9fcfbf5a97386900030db6e96d50b5710aa7_4108968.jpg,768,432,civilian aircraft,415,123,647,178
b36f5405013ce917bbb5f28f7b0f9fcfbf5a97386900030db6e96d50b5710aa7_4108968.jpg,768,432,civilian aircraft,400,188,490,209
b36f5405013ce917bbb5f28f7b0f9fcfbf5a97386900030db6e96d50b5710aa7_4108968.jpg,768,432,civilian aircraft,327,237,428,268
b36f5405013ce917bbb5f28f7b0f9fcfbf5a97386900030db6e96d50b5710aa7_4108968.jpg,768,432,civilian aircraft,139,363,265,404
b36f5405013ce917bbb5f28f7b0f9fcfbf5a97386900030db6e96d50b5710aa7_4108968.jpg,768,432,civilian aircraft,160,66,250,95
b36f5405013ce917bbb5f28f7b0f9fcfbf5a97386900030db6e96d50b5710aa7_4108968.jpg,768,432,civilian aircraft,285,27,443,69
b36f5405013ce917bbb5f28f7b0f9fcfbf5a97386900030db6e96d50b5710aa7_4108968.jpg,768,432,civilian aircraft,65,59,141,88
b5a06f0cf7a40ff6686b01833ff2951bx.jpg,1400,514,civilian car,516,195,876,337
b5a06f0cf7a40ff6686b01833ff2951bx.jpg,1400,514,civilian car,886,210,1194,358
b5m_3sbiyaaj-ii.jpg,600,456,military helicopter,93,13,511,423
b5wGbNs.jpg,1920,1080,military tank,51,230,1430,858
b777rossiyauusJPG.jpg,1000,750,civilian aircraft,31,109,990,520
b787.jpg,1800,1200,civilian aircraft,10,248,1756,1031
b84af3_b22eabd87a9f4d11bbe0d18457e48ed7.jpg,420,263,civilian aircraft,16,133,408,194
b8ce9b78b1490b2afe2a610b80463cad-700.jpg,1053,700,military aircraft,170,43,925,650
Baby-Boom-XB-1-to-fly-at-the-end-of-2018.jpg,768,432,civilian aircraft,192,87,491,180
Baby-Boom-XB-1-to-fly-at-the-end-of-2018.jpg,768,432,civilian aircraft,64,199,748,332
bae-military-rv-overland-expedition-vehicle.jpg,1280,960,military truck,120,81,1157,817
Bajaj-Qute-Mobile-Banner_Size-412x322-Blue.jpg,412,322,civilian car,177,115,379,265
Bajaj-Qute-Mobile-Banner_Size-412x322-Green.jpg,412,322,civilian car,173,113,379,270
bajaj_maxima_1.jpg,360,216,civilian car,22,14,327,208
Bajaj_Qute_car.jpg,992,724,civilian car,3,22,976,676
baleno-maruti-suzuki-suzuki-swift-red-car-top-view.jpg,800,394,civilian car,115,125,663,342
banner1.jpg,1100,363,military truck,30,79,709,357
banner102.jpg,920,360,military truck,158,21,620,317
bannerCommercialAir.jpg,734,240,civilian aircraft,28,37,725,187
barracuda-APC-top-back-view.jpg,600,267,military tank,210,57,578,221
barracuda-APC-top-back-view.jpg,600,267,military tank,14,45,169,213
barrieblackhawk.jpg,931,524,military helicopter,243,70,608,309
Battery20Operated20Military20Tank20Toy20With20Beautiful20Attractive20Flashing20Lights20And20Music20Goes20Around20And20Changes20Directions20On20ContactA.jpg,1500,1500,military tank,55,313,1450,1376
Battle-of-Kursk-tanks.jpg,800,414,military tank,571,247,646,283
Battle-of-Kursk-tanks.jpg,800,414,military tank,709,239,792,284
Battle-of-Kursk-tanks.jpg,800,414,military tank,637,291,722,328
Battle-of-Kursk-tanks.jpg,800,414,military tank,166,151,252,187
Battle-of-Kursk-tanks.jpg,800,414,military tank,369,300,538,370
Battle-of-Kursk-tanks.jpg,800,414,military tank,307,198,439,284
bb64cb3076aaf63e2b3ed9452b8da9c4--passenger-aircraft-southwest-airlines.jpg,474,360,civilian aircraft,39,20,433,324
bBk7ev-TopView.jpg,720,720,military aircraft,8,22,701,664
BCA-fleet-on-ground-bannera231.jpg,960,213,civilian aircraft,40,115,944,189
bd08e000a449288c914d851cb9dae110-hatchback-car-top-view-silhouette-by-vexels.jpg,512,512,civilian car,26,129,500,395
BDRB_6067_1440x720.jpg,1440,720,civilian car,149,109,1319,568
Beech-99JPG.jpg,1000,500,military aircraft,45,77,971,419
bell-ah1-cobra-attack-helicopter-united-states.jpg,1000,688,military helicopter,24,128,971,526
bell-ah1-cobra-attack-helicopter-united-states_16.jpg,1000,688,military helicopter,54,113,976,540
bell-ah1-cobra-attack-helicopter-united-states_22.jpg,1000,688,military helicopter,14,61,934,595
bell-ah1-cobra-attack-helicopter-united-states_24.jpg,1000,688,military helicopter,43,92,919,539
bell-ah1-supercobra_5.jpg,800,639,military helicopter,88,116,713,536
Bell-Helicopter-1.jpg,1600,1200,military helicopter,112,307,1548,1033
Bell-Helicopter-2(1).jpg,1280,670,military helicopter,185,62,1099,410
Bell-Helicopter-2.jpg,2292,1200,military helicopter,332,120,1968,812
Bell-offers-its-new-helicopter-as-ideal-military-trainer.jpg,1225,689,military helicopter,125,330,1123,616
Bell-OH-58-Kiowa-Warrior-730x498.jpg,730,498,military helicopter,95,27,537,474
Bell-UH-1Y-Venom-730x487.jpg,730,487,military helicopter,24,84,582,324
BelugaXL-First-Flight-Air-To-Air-017.jpg,300,210,civilian aircraft,23,39,298,139
beml-ofb-155mm-ofb-pro.jpg,760,443,military truck,25,38,754,409
best-4-wheel-drive-trucks-remote-control-military-truck-4-wheel-drive-off-road-car-model-remote-control-climbing-4-wheel-drive-trucks-in-india.jpg,500,500,military tank,23,151,477,380
best-plane-games-ace-combat-7-skies-unknown-900x506.jpg,900,506,military aircraft,167,262,544,470
Best-tank-games-900x507.jpg,900,507,military tank,231,280,595,476
Best-tank-games-900x507.jpg,900,507,military tank,535,188,744,282
Best-tank-games-Arma-3-900x507.jpg,900,507,military tank,191,269,518,460
Best-tank-games-Arma-3-900x507.jpg,900,507,military tank,550,236,642,343
Best-tank-games-Heroes-Generals-900x507.jpg,900,507,military tank,24,18,698,488
Best-tank-games-Panzer-Elite-Action-900x507.jpg,900,507,military tank,204,222,691,486
best-tank-games-pc-valkyria-chronicles-4-900x506.jpg,900,506,military tank,260,206,601,369
Best-tank-games-Red-Orchestra-2-900x507.jpg,900,507,military tank,32,65,603,452
Best-tank-games-Steel-Armor-Blaze-of-War-900x507.jpg,900,507,military tank,298,204,662,477
Best-tank-games-War-Thunder-900x507.jpg,900,507,military tank,24,165,660,489
best-tanks_resize_md.jpg,744,389,military tank,376,107,737,349
best-tanks_resize_md.jpg,744,389,military tank,4,90,332,370
Best-war-games-Operation-Flashpoint-900x507.jpg,900,507,military truck,418,137,479,201
best-world-of-tanks-streamers-3-zeven.jpg,1279,496,military tank,402,111,1064,493
best-world-of-tanks-streamers-3-zeven.jpg,1279,496,military tank,75,194,391,447
best_tanks_Armata_resize_md.jpg,744,481,military tank,46,105,669,418
best_tanks_Challenger_2_resize_md.jpg,744,404,military tank,113,127,628,359
best_tanks_K2_Black_Panther.jpg,800,518,military tank,39,154,627,498
best_tanks_Merkava_resize_md.jpg,744,558,military tank,13,160,719,481
best_tanks_Type_90_resize_md.jpg,744,516,military tank,15,21,725,482
beulahrdped11.jpg,800,420,civilian car,17,27,796,361
bf602ae16f0c24bed36151c53b59b5b6.jpg,640,384,military aircraft,17,36,510,351
bffwquaidmlz4ssoc6q0.jpg,800,450,military tank,231,135,537,331
BG-Museums-1200x343.jpg,1200,343,military tank,985,73,1146,186
BG-Museums-1200x343.jpg,1200,343,military tank,262,48,408,95
BG-Museums-1200x343.jpg,1200,343,military tank,681,251,1105,335
BG-Museums-1200x343.jpg,1200,343,military tank,604,143,815,240
Bharat-Mobi-Feat-34.jpg,1200,628,civilian car,45,68,934,509
big-black-car-top-view-icon-sport-car-sedan-small-mini-avto-city-automobile-vector-illustration-big-black-car-top-view-icon-128162249.jpg,800,800,civilian car,273,97,523,697
big-commercial-jet-airplane-airplane-in-profile-from-the-front-view-aeroplane-isolated-aircraft-eps-vector_csp56056641.jpg,225,194,civilian aircraft,12,16,209,95
big-commercial-jet-airplane-airplane-in-profile-from-the-front-view-aeroplane-isolated-aircraft-eps-vector_csp56056641.jpg,225,194,civilian aircraft,11,96,204,154
bigscreenChall2.jpg,640,480,military tank,61,65,549,276
bigscreenChall2.jpg,640,480,military tank,98,373,304,456
bigscreenChall2.jpg,640,480,military tank,387,358,551,446
big_375518_1437193666.jpg,640,480,military truck,256,122,406,265
bkl200401_8.jpg,400,527,military tank,88,20,391,173
bkl200401_8.jpg,400,527,military tank,86,185,392,356
bkl200401_8.jpg,400,527,military tank,233,380,397,518
bkl200401_8.jpg,400,527,military tank,6,364,168,521
BL10_P15_STATES-TA_GDL3HSCFU.1BL10_P15_STATES-TA.jpg,1200,749,military truck,35,323,429,652
black-hawk-1024x683.jpg,1024,683,military helicopter,329,220,987,448
black-hawk-army-attack-helicopter-x-planes-air-force-original-imaerf89zasadjwk.jpg,832,346,military helicopter,3,5,803,338
Black-Hawk-Neptune-Spear-Youtube.jpg,1920,1080,military helicopter,348,137,1328,720
black-hawk-polk-ht-ps-190926_hpMain_4x3_992.jpg,992,744,military helicopter,9,112,968,503
Black-Hawk_2311923b.jpg,620,387,military helicopter,235,119,364,260
black-knight-2-780x476.jpg,780,476,military tank,17,22,760,461
black-rhino-home-main.jpg,2000,779,military truck,960,20,1633,738
black-rhino-home-main.jpg,2000,779,military truck,17,31,837,716
black-rhino-wheels-configurator.jpg,600,406,military truck,77,8,509,204
black-silhouette-of-military-drone-vector-clipart_gg102499682.jpg,270,194,civilian aircraft,12,75,161,170
black-silhouette-of-military-drone-vector-clipart_gg102499682.jpg,270,194,civilian aircraft,169,55,254,100
black-silhouette-of-military-drone-vector-clipart_gg102499682.jpg,270,194,civilian aircraft,11,15,197,52
blackhawk-helicopter-clipart-44.jpg,1600,1600,military helicopter,131,411,1486,1219
blackhawk-helicopter-file-ht-jef-191205_hpMain_4x3_1600(1).jpg,1600,1200,military helicopter,72,186,1374,775
blackhawk-helicopter-file-ht-jef-191205_hpMain_4x3_1600.jpg,1600,1200,military helicopter,74,175,1372,809
Blackhawk-helicopter-transport-o94wm776xwhbnor4c2o3mwxw1fmxj8xku0bgd76vz8.jpg,550,330,military helicopter,91,64,479,242
Blackhawk-UH-60.jpg,1300,864,military helicopter,300,174,1185,631
black_hawk_helicopter_seal_team_decool__lego_1553443161_a01eb49b_progressive.jpg,1080,810,military helicopter,46,244,638,530
black_hawk_helicopter_seal_team_decool__lego_1553443161_a01eb49b_progressive.jpg,1080,810,military helicopter,740,153,917,316
black_hawk_helicopter_seal_team_decool__lego_1553443161_a01eb49b_progressive.jpg,1080,810,military helicopter,674,393,953,502
black_hawk_helicopter_seal_team_decool__lego_1553443161_a01eb49b_progressive.jpg,1080,810,military helicopter,621,570,892,668
blank-black-and-white-airplane-mockup-stand-top-view-isolated-3d-rendering-empty-commercial-transport-aviation-mock-up-clear-charter-airline-for-b-W71WM8.jpg,1300,739,civilian aircraft,700,144,1105,532
blank-black-and-white-airplane-mockup-stand-top-view-isolated-3d-rendering-empty-commercial-transport-aviation-mock-up-clear-charter-airline-for-b-W71WM8.jpg,1300,739,civilian aircraft,215,149,606,552
blank-commercial-airplane-with-four-engines-isolated-cutout-on-white-background-top-view-3d-illustration-MHYKJJ.jpg,1300,740,civilian aircraft,238,29,933,619
blank-commercial-airplane-with-four-engines-on-wooden-floor-background-top-view-copy-space-3d-illustration-MHYKM5.jpg,1300,591,civilian aircraft,79,6,640,446
blank.jpg,300,300,civilian car,4,59,299,214
bloombergquint2F2017-052F49a03f8a-4460-45f6-9922-4eac66a1ea082Fm282621.jpg,3060,1710,military aircraft,751,138,2242,1548
blue-car-top-view-at-vector.jpg,600,396,civilian car,7,7,594,380
blue-car-top-view-vector-20368621.jpg,1000,1079,civilian car,370,182,628,807
blue-cartoon-car-top-view-vector-21432009.jpg,1000,1080,civilian car,355,141,637,884
blue-hero-desktop.jpg,2880,1800,civilian car,735,748,1995,1351
blue-sapphire.jpg,1200,800,civilian aircraft,43,116,1172,729
blue2.jpg,1100,1100,military helicopter,8,371,1090,918
blueprint-dynapac-cg2300-top-view_511_293.jpg,511,293,military tank,107,78,392,193
bmc-d-day-tank-battle-main_1024x10242x.jpg,2000,2000,military tank,1020,668,1787,1030
bmc-d-day-tank-battle-main_1024x10242x.jpg,2000,2000,military tank,162,1057,1173,1657
BMP-1-7-768x512.jpg,768,512,military tank,13,153,713,450
BMP-1.jpg,800,313,military tank,27,34,779,295
BMP-2_FI_00.jpg,800,533,military tank,162,156,698,391
BMP-2_tracked_armoured_infantry_fighting_vehicle_Russia_Russian_army_defence_industry_military_technology_001.jpg,640,427,military tank,67,174,612,406
BMP-2_tracked_armoured_infantry_fighting_vehicle_Russia_Russian_army_defence_industry_military_technology_004.jpg,640,480,military tank,38,98,597,452
BMP-3.jpg,2250,1310,military tank,159,674,1554,1205
BMP-3.jpg,2250,1310,military tank,1588,674,2146,1021
bmw-6-series-gran-turismo-top-view.jpg,700,430,civilian car,186,112,599,375
bmw_5-series_touring_draw_top_10.jpg,1578,761,civilian car,39,67,1546,681
boarding-commercial-airplane-red-carpet-presentation-over-cloudy-blue-sky-91843251.jpg,1300,909,civilian aircraft,4,244,1133,692
Boeing-707.jpg,1600,1111,civilian aircraft,34,457,1578,886
Boeing-737-MAX-360x225.jpg,360,225,civilian aircraft,42,62,330,158
Boeing-737-MAX-Family.jpg,960,710,civilian aircraft,318,61,570,164
Boeing-737-MAX-Family.jpg,960,710,civilian aircraft,328,198,683,261
Boeing-737-MAX-Family.jpg,960,710,civilian aircraft,284,303,757,406
Boeing-737-MAX-Family.jpg,960,710,civilian aircraft,81,421,922,592
Boeing-747-Dretloh--700x675.jpg,700,675,civilian aircraft,75,221,594,662
Boeing-747.jpg,710,300,civilian aircraft,28,98,670,257
boeing-787-800x415.jpg,800,415,civilian aircraft,201,6,789,401
boeing-787-dreamliner_u-l-f8mqof0.jpg,400,300,civilian aircraft,29,102,360,189
Boeing-B737MAX-bw-header.jpg,570,203,civilian aircraft,18,40,543,179
BOEING-DREAMLINER-787-9-e1525426076987.jpg,1024,682,civilian aircraft,33,134,900,633
boeing-kyJG--621x414LiveMint.jpg,621,414,civilian aircraft,125,152,613,275
boeing-lng-plane-concept.jpg,460,268,civilian aircraft,64,75,445,186
Boeing-projects-demand-for-44040-new-commercial-jets-by-2038-global-fleet-to-exceed-50000-ProTourism-News.jpg,646,500,civilian aircraft,40,271,602,410
BoeingBBJ.jpg,1000,562,civilian aircraft,23,205,953,471
BoeingMOMConcept_TopView.jpg,1024,1128,civilian aircraft,57,122,924,970
Boeing_Apache_helicopter3.jpg,600,350,military helicopter,96,119,495,296
Boeing_CH47F_Chinook.jpg,900,765,military helicopter,200,197,767,651
Boeing_X-32_Stealth_Fighter_Top_View.jpg,670,293,military aircraft,43,12,575,278
boing-767.jpg,1000,667,civilian aircraft,37,148,941,505
Bollinger-B1-and-B2-top-view.jpg,5000,2813,military truck,559,426,4625,2533
Bollinger-B2-top-view.jpg,5000,2813,military truck,1130,320,3609,2321
bomb-blast-and-attack-on-indian-army-camp-in-occupied-kashmir-leaves-5-armymen-dead-and-injured-1527519185-6264.jpg,400,225,military truck,123,5,389,163
bombardier-end-ie_resize_md.jpg,744,496,civilian aircraft,77,157,661,320
bombardierha.jpg,768,480,civilian aircraft,9,176,572,347
bomber-aircraft-top-view-vector-icon-fight-sky-technology-design-attack-airforce-plane-military-fighter-warfare-t7hj6p(1).jpg,300,320,military aircraft,82,35,216,271
bomber-aircraft-top-view-vector-icon-fight-sky-technology-design-attack-airforce-plane-military-fighter-warfare-T7HJ6P.jpg,1300,1390,military aircraft,346,140,947,1201
bomber-plane-military-aircraft-top-view-isolated-white-background-65932945(1).jpg,800,450,military aircraft,219,13,512,430
bomber-plane-military-aircraft-top-view-isolated-white-background-65932945.jpg,1300,821,military aircraft,364,20,842,705
boxing-pop.jpg,550,550,civilian car,349,206,526,292
boxing-pop.jpg,550,550,civilian car,92,146,336,294
BradfordICHib.jpg,1419,855,military tank,529,109,1342,423
BradfordICHib.jpg,1419,855,military tank,73,111,363,427
BradfordICHib.jpg,1419,855,military tank,556,480,1198,774
BradfordICHib.jpg,1419,855,military tank,66,526,355,822
Brahmos-India-2034055.jpg,590,347,military truck,57,65,303,299
Brahmos-India-2034055.jpg,590,347,military truck,324,149,573,304
BRAHMOS_LauncherJPG.jpg,4288,2848,military truck,318,952,2503,2613
BRAHMOS_LauncherJPG.jpg,4288,2848,military truck,2531,1350,3633,2104
brand-hero-poster-640-86fbbab9d0746745a9ad31d783d8f39f.jpg,640,1136,civilian car,23,218,631,1055
brazil-runs.jpg,1000,541,civilian aircraft,12,56,985,447
Brazilian_military_helicopter_underway2C_2012.jpg,2724,1776,military helicopter,473,301,1810,1031
Bright-outlook-for-military-helicopters-_IDEX17D3_.jpg,752,423,military helicopter,136,8,633,405
Bright-outlook-for-military-helicopters-_IDEX17D3_.jpg,752,423,military helicopter,515,330,596,369
brinis-yacine-sci-fi-truck-by-yacine-brinis-pic-03.jpg,1761,1080,military truck,53,27,1476,998
British-Airways-Airbus-A380.jpg,1000,662,civilian aircraft,105,125,900,434
BRL_0694.jpg,445,305,military truck,108,14,441,284
BRL_0694.jpg,445,305,military truck,2,35,102,190
brown-military-tank-clip-art-png-clip-art-thumbnail.jpg,350,381,military tank,23,166,311,353
brown-tank-illustration-png-clip-art-thumbnail.jpg,350,262,military tank,39,35,308,240
BSF6_AP.jpg,600,390,military truck,22,58,426,373
bugatti-chiron-bugatti-veyron-koenigsegg-agera-r-car-bugatti-top-view.jpg,728,361,civilian car,47,48,682,329
buick-tank.jpg,889,500,military tank,111,161,626,385
Building-block-toy.jpg,360,360,military helicopter,93,163,330,297
burkina-faso-1549336800.jpg,715,476,military truck,12,197,705,432
bus-310766_1280.jpg,1280,640,civilian car,8,120,1266,546
Bus-Car-Traffic-Transportation-Travel-Transport-Fr-8454.jpg,595,304,civilian car,0,59,593,256
Bus-Car-Vacation-Travel-Transport-Travel-Free-Imag-2035.jpg,595,304,civilian car,11,53,588,261
bus-yellow-vector-flat-icon-vehicle-transportation-top-view-isolated-cartoon-passenger-traffic-car-above-van-pictogram-simple-T7JMG2.jpg,1300,1390,civilian car,436,64,871,1228
buyer_registration.jpg,1220,814,civilian car,566,348,838,571
buyer_registration.jpg,1220,814,civilian car,151,343,542,594
buyer_registration.jpg,1220,814,civilian car,832,623,1217,810
buyer_registration.jpg,1220,814,civilian car,921,319,1169,605
buyer_registration.jpg,1220,814,civilian car,745,243,958,299
buyer_registration.jpg,1220,814,civilian car,33,138,694,321
BuyingService_AuctionTypes.jpg,1220,814,civilian car,33,7,1185,746
bZorsY-TopView.jpg,720,720,military aircraft,86,2,638,703
c-130-GETTY-FILE.jpg,932,524,civilian aircraft,174,132,756,376
c-130-silhouette-clip-art-6.jpg,900,600,military aircraft,46,72,867,433
C-130_aereo_militare.jpg,800,400,military aircraft,24,29,694,339
c-20g-gulfstream-aircraft-620443_960_720-874x452.jpg,874,452,civilian aircraft,33,103,621,264
c0c2a7ad-d243-4bc1-b4e2-af54cae21dd1-crop-c0-5__0-5-750x450-70.jpg,750,450,military truck,41,249,382,394
c130-03_287D7FF90B4A40EFA315722033A22AF2.jpg,360,270,civilian aircraft,110,115,288,160
c130-vector-19.jpg,551,408,civilian aircraft,17,93,280,238
c130-vector-19.jpg,551,408,civilian aircraft,159,16,502,116
c130-vector-19.jpg,551,408,civilian aircraft,275,126,530,397
c13020plane20aircraft20chile20chilean20taken20from20website2010121920CREDIT20CHILEAN20AIR20FORCEJPG.jpg,800,450,military aircraft,171,44,786,287
c130hercules_1575950665.jpg,730,548,military aircraft,11,10,725,304
c141-starlifter-davis-monthan-amarg.jpg,640,284,military aircraft,27,36,630,168
c141_05.jpg,550,364,military aircraft,10,52,487,264
c17_04.jpg,550,366,civilian aircraft,11,74,536,270
c29c093dabbc26ea7566eab555db667c-700.jpg,1158,700,military truck,151,307,929,686
c2a31ec9-44df-4ea2-a683-fc217e311014.jpg,1000,1000,military truck,45,212,973,708
c3b79faea1ab10d7b31442fcfbb02a9c.jpg,2816,2112,military tank,364,91,2477,1993
c5ce8932383691.5605bb86ee5cb.jpg,1098,732,military aircraft,119,282,1056,543
c68c446dd2bee1ff116d9514566125db.image.558x815.jpg,558,815,military tank,39,140,414,297
c857043d301fcec6f4849f15ce80ac84.jpg,500,353,military truck,34,32,388,314
C919-Feature-640x353.jpg,640,353,civilian aircraft,7,115,631,227
c919_story-650_022315015103.jpg,650,500,civilian aircraft,4,240,636,391
Caesar1.jpg,600,446,military truck,39,129,482,401
CAESAR_155mm_52_caliber_gun_Nexter_Systems_on_Ashok_Leyland_6x6_military_truck_Defexpo_2014_India_001.jpg,640,427,military truck,151,189,544,414
CAESAR_155mm_52_caliber_gun_Nexter_Systems_on_Ashok_Leyland_6x6_military_truck_Defexpo_2014_India_002.jpg,640,426,military truck,24,115,517,381
Camero-book-640x400.jpg,640,400,civilian car,39,201,589,369
canoodesignext-1569286507940-hr-1569673488.jpg,2700,1519,civilian car,818,394,2376,1322
canva-commercial-airplane-topview-icon-image-MACXackrg4E.jpg,2400,2400,civilian aircraft,134,749,771,1676
canva-military-truck-convoy-on-the-high-mountain-leh---manali-highway-on-jammu-and-kashmir2C-nothern-india-MADesXAeYfQ.jpg,1600,1045,military truck,174,630,353,724
canva-military-truck-convoy-on-the-high-mountain-leh---manali-highway-on-jammu-and-kashmir2C-nothern-india-MADesXAeYfQ.jpg,1600,1045,military truck,600,659,713,727
canva-military-truck-convoy-on-the-high-mountain-leh---manali-highway-on-jammu-and-kashmir2C-nothern-india-MADesXAeYfQ.jpg,1600,1045,military truck,744,652,867,750
canva-military-truck-convoy-on-the-high-mountain-leh---manali-highway-on-jammu-and-kashmir2C-nothern-india-MADesXAeYfQ.jpg,1600,1045,military truck,950,665,1081,785
canva-military-truck-convoy-on-the-high-mountain-leh---manali-highway-on-jammu-and-kashmir2C-nothern-india-MADesXAeYfQ.jpg,1600,1045,military truck,1104,678,1300,811
canva-military-truck-convoy-on-the-high-mountain-leh---manali-highway-on-jammu-and-kashmir2C-nothern-india-MADesXAeYfQ.jpg,1600,1045,military truck,1342,23,1590,1021
car-2016-toyota-camry-automobile-roof-toyota-corolla-bed-top-view.jpg,728,728,civilian car,144,39,583,215
car-2016-toyota-camry-automobile-roof-toyota-corolla-bed-top-view.jpg,728,728,civilian car,142,259,585,431
car-2016-toyota-camry-automobile-roof-toyota-corolla-bed-top-view.jpg,728,728,civilian car,142,477,580,683
car-306222_960_720.jpg,960,480,civilian car,9,29,951,458
car-308456_960_720.jpg,960,481,civilian car,12,12,945,407
car-accessories-table_23-2147959981.jpg,626,417,civilian car,79,79,204,316
car-accident-top-view-Download-Royalty-free-Vector-File-EPS-200051.jpg,400,283,civilian car,32,36,371,251
car-automobile-roof-top-view-plan-view.jpg,800,800,civilian car,50,106,327,700
car-automobile-roof-top-view-plan-view.jpg,800,800,civilian car,459,85,722,709
car-clip-art-bed-top-view.jpg,728,1617,civilian car,57,101,687,1483
car-clipart-top-view-9.jpg,600,300,civilian car,11,9,583,281
car-door-2007-dodge-caliber-honda-top-view-car.jpg,800,400,civilian car,18,53,758,340
car-door-2012-mazda2-van-fruits-top-view-png-clip-art.jpg,910,399,civilian car,128,41,793,356
car-door-2012-mazda2-van-fruits-top-view.jpg,722,399,civilian car,35,58,697,353
car-ferrari-testarossa-laferrari-ferrari-275-lamborghini-top-view.jpg,800,357,civilian car,78,43,700,310
car-from-top-view-vector-flat-design-auto-R1G7GF.jpg,1300,821,civilian car,151,142,1171,610
car-hatchback-top-view-clipart__k33656130.jpg,450,297,civilian car,82,69,370,210
car-hyundai-ioniq-hyundai-motor-company-hyundai-sonata-stairs-top-view.jpg,728,389,civilian car,15,26,685,304
car-icon-white-car-at-the-top-of-fig.jpg,728,800,civilian car,185,14,531,771
car-mercedes-benz-computer-icons-white-modern-car-top-view.jpg,728,391,civilian car,25,62,709,338
car-png-top-the-gallery-for-car-icon-top-view-png-1280.jpg,1280,751,civilian car,34,117,1235,667
car-png-top-view-1.jpg,920,1150,civilian car,228,45,672,1094
car-png-top-view-png-download-image-1600.jpg,1600,900,civilian car,474,206,1453,698
car-sketch-top-view-30.jpg,500,323,civilian car,27,27,306,131
car-sketch-top-view-30.jpg,500,323,civilian car,347,28,472,136
car-sketch-top-view-30.jpg,500,323,civilian car,350,182,471,286
car-sketch-top-view-30.jpg,500,323,civilian car,21,170,313,310
car-top-icon-5.jpg,400,300,civilian car,26,85,359,210
car-top-view-29.jpg,500,350,civilian car,20,98,478,282
car-top-view-city-vehicle-transport-automobile-cars-for-transportation-from-above-auto-car-vector-isolated-icons_gg110211969.jpg,450,470,civilian car,28,23,85,168
car-top-view-city-vehicle-transport-automobile-cars-for-transportation-from-above-auto-car-vector-isolated-icons_gg110211969.jpg,450,470,civilian car,112,24,173,176
car-top-view-city-vehicle-transport-automobile-cars-for-transportation-from-above-auto-car-vector-isolated-icons_gg110211969.jpg,450,470,civilian car,201,18,256,176
car-top-view-city-vehicle-transport-automobile-cars-for-transportation-from-above-auto-car-vector-isolated-icons_gg110211969.jpg,450,470,civilian car,283,9,343,185
car-top-view-city-vehicle-transport-automobile-cars-for-transportation-from-above-auto-car-vector-isolated-icons_gg110211969.jpg,450,470,civilian car,364,21,428,176
car-top-view-city-vehicle-transport-automobile-cars-for-transportation-from-above-auto-car-vector-isolated-icons_gg110211969.jpg,450,470,civilian car,365,218,430,354
car-top-view-city-vehicle-transport-automobile-cars-for-transportation-from-above-auto-car-vector-isolated-icons_gg110211969.jpg,450,470,civilian car,288,226,337,361
car-top-view-city-vehicle-transport-automobile-cars-for-transportation-from-above-auto-car-vector-isolated-icons_gg110211969.jpg,450,470,civilian car,192,216,254,355
car-top-view-city-vehicle-transport-automobile-cars-for-transportation-from-above-auto-car-vector-isolated-icons_gg110211969.jpg,450,470,civilian car,115,228,175,327
car-top-view-city-vehicle-transport-automobile-cars-for-transportation-from-above-auto-car-vector-isolated-icons_gg110211969.jpg,450,470,civilian car,31,204,86,372
car-top-view-drawing-18.jpg,1600,1600,civilian car,27,455,1569,1133
car-top-view-gray-car-top-view-180-hi.jpg,600,300,civilian car,22,14,582,286
car-top-view-png-sports-car-clipart-4b39328ffb615010.jpg,900,560,civilian car,93,23,740,512
car-top-view-transportation-vector-black-eps-vector_csp39038642.jpg,450,470,civilian car,27,17,87,124
car-top-view-transportation-vector-black-eps-vector_csp39038642.jpg,450,470,civilian car,112,21,179,142
car-top-view-transportation-vector-black-eps-vector_csp39038642.jpg,450,470,civilian car,198,18,256,137
car-top-view-transportation-vector-black-eps-vector_csp39038642.jpg,450,470,civilian car,271,41,348,141
car-top-view-transportation-vector-black-eps-vector_csp39038642.jpg,450,470,civilian car,365,25,413,133
car-top-view-transportation-vector-black-eps-vector_csp39038642.jpg,450,470,civilian car,364,157,419,247
car-top-view-transportation-vector-black-eps-vector_csp39038642.jpg,450,470,civilian car,359,273,425,427
car-top-view-transportation-vector-black-eps-vector_csp39038642.jpg,450,470,civilian car,279,164,336,275
car-top-view-transportation-vector-black-eps-vector_csp39038642.jpg,450,470,civilian car,281,303,336,425
car-top-view-transportation-vector-black-eps-vector_csp39038642.jpg,450,470,civilian car,196,312,252,418
car-top-view-transportation-vector-black-eps-vector_csp39038642.jpg,450,470,civilian car,202,149,257,299
car-top-view-transportation-vector-black-eps-vector_csp39038642.jpg,450,470,civilian car,119,169,168,283
car-top-view-transportation-vector-black-eps-vector_csp39038642.jpg,450,470,civilian car,34,158,82,285
car-top-view-transportation-vector-black-eps-vector_csp39038642.jpg,450,470,civilian car,35,300,80,411
car-top-view-transportation-vector-black-eps-vector_csp39038642.jpg,450,470,civilian car,117,312,162,418
car-top-view-vector-flat-design-auto-white-car-top-view-vector-illustration-flat-design-auto-illustration-transport-138519138.jpg,800,419,civilian car,53,72,731,364
car-top-view-vector-set-image_csp41691477.jpg,439,470,civilian car,6,235,91,435
car-top-view-vector-set-image_csp41691477.jpg,439,470,civilian car,158,239,249,454
car-top-view-vector-set-image_csp41691477.jpg,439,470,civilian car,301,22,434,445
car-top-view-vector-set-image_csp41691477.jpg,439,470,civilian car,157,5,248,187
car-top-view-vector-set-image_csp41691477.jpg,439,470,civilian car,6,4,87,191
car-top-view-vector-travel-above-white-background-road-drive-concept-isolated-urban-object-summer-illustration-outdoor-icon-city-speed-design-str-T7HFM2.jpg,1300,1390,civilian car,115,390,1184,947
carbg.jpg,1920,380,civilian car,406,147,1014,370
CarCrush2.jpg,1636,534,civilian car,142,350,735,521
CarCrush2.jpg,1636,534,military tank,203,54,1567,327
cargo-truck-m35-desert-military-trailer-9Gd2Na9-600.jpg,600,600,military truck,101,170,494,453
CargoPlane.jpg,1862,1048,military aircraft,79,65,1740,917
CARMOR.jpg,600,297,military truck,19,37,281,213
CARMOR.jpg,600,297,military truck,335,74,577,192
cars-transport-automobile-vehicles-vector-flat-icons-top-view-roof-passenger-car-sedan-sport-coupe-wagon-pickup-93931265.jpg,800,649,civilian car,91,49,480,247
cars-transport-automobile-vehicles-vector-flat-icons-top-view-roof-passenger-car-sedan-sport-coupe-wagon-pickup-93931265.jpg,800,649,civilian car,512,85,745,196
cars-transport-automobile-vehicles-vector-flat-icons-top-view-roof-passenger-car-sedan-sport-coupe-wagon-pickup-93931265.jpg,800,649,civilian car,542,271,750,372
cars-transport-automobile-vehicles-vector-flat-icons-top-view-roof-passenger-car-sedan-sport-coupe-wagon-pickup-93931265.jpg,800,649,civilian car,318,277,491,380
cars-transport-automobile-vehicles-vector-flat-icons-top-view-roof-passenger-car-sedan-sport-coupe-wagon-pickup-93931265.jpg,800,649,civilian car,520,429,772,606
cars-transport-automobile-vehicles-vector-flat-icons-top-view-roof-passenger-car-sedan-sport-coupe-wagon-pickup-93931265.jpg,800,649,civilian car,323,479,485,578
cars-transport-automobile-vehicles-vector-flat-icons-top-view-roof-passenger-car-sedan-sport-coupe-wagon-pickup-93931265.jpg,800,649,civilian car,58,446,281,573
cars-transport-automobile-vehicles-vector-flat-icons-top-view-roof-passenger-car-sedan-sport-coupe-wagon-pickup-93931265.jpg,800,649,civilian car,58,268,287,397
cars-transport-top-view-icons-set-isolated-vector-illustration_1284-2987.jpg,626,626,civilian car,47,31,135,185
cars-transport-top-view-icons-set-isolated-vector-illustration_1284-2987.jpg,626,626,civilian car,209,39,281,190
cars-transport-top-view-icons-set-isolated-vector-illustration_1284-2987.jpg,626,626,civilian car,353,51,430,178
cars-transport-top-view-icons-set-isolated-vector-illustration_1284-2987.jpg,626,626,civilian car,473,25,579,195
cars-transport-top-view-icons-set-isolated-vector-illustration_1284-2987.jpg,626,626,civilian car,475,211,561,373
cars-transport-top-view-icons-set-isolated-vector-illustration_1284-2987.jpg,626,626,civilian car,496,422,567,576
cars-transport-top-view-icons-set-isolated-vector-illustration_1284-2987.jpg,626,626,civilian car,353,414,433,592
cars-transport-top-view-icons-set-isolated-vector-illustration_1284-2987.jpg,626,626,civilian car,346,231,436,391
cars-transport-top-view-icons-set-isolated-vector-illustration_1284-2987.jpg,626,626,civilian car,210,225,277,394
cars-transport-top-view-icons-set-isolated-vector-illustration_1284-2987.jpg,626,626,civilian car,212,432,284,588
cars-transport-top-view-icons-set-isolated-vector-illustration_1284-2987.jpg,626,626,civilian car,61,426,131,596
cars-transport-top-view-icons-set-isolated-vector-illustration_1284-2987.jpg,626,626,civilian car,59,219,138,383
CarsVCC.jpg,810,506,civilian car,27,22,781,490
cartoon-car-top-view-png-cartoon-clipart-5cebd06e8fa82493.jpg,900,1100,civilian car,239,76,645,976
cartoon-icon-of-gray-military-jet-plane-aircraft-with-powerful-engines-air-force-fighter-flat-illustration_csp60387821.jpg,180,195,military aircraft,27,57,151,121
car_sets_design_top_view_style_6826353.jpg,231,368,civilian car,8,128,206,241
car_sets_design_top_view_style_6826353.jpg,231,368,civilian car,1,271,215,358
car_sets_design_top_view_style_6826353.jpg,231,368,civilian car,9,7,229,88
car_stack.jpg,285,224,civilian car,6,7,282,201
category-circle-inner-car-ins.jpg,435,302,civilian car,43,72,431,282
Cathay_Pacific_Airbus_A330-300_B-HLMHKG04.08.2011_615hz_6207310277.jpg,2663,1740,civilian aircraft,4,359,2638,990
cats-794.jpg,660,440,military truck,35,164,588,374
Cb252D-TopView.jpg,720,720,military helicopter,235,5,480,686
cc9d9c44957917.58234e0223b70.jpg,900,782,civilian aircraft,165,377,803,563
ccf7c94d48796e5f36c208857511394b--wwii-equipment.jpg,236,295,military tank,34,33,200,97
ccf7c94d48796e5f36c208857511394b--wwii-equipment.jpg,236,295,military tank,34,114,205,192
ccf7c94d48796e5f36c208857511394b--wwii-equipment.jpg,236,295,military tank,38,201,110,280
ccf7c94d48796e5f36c208857511394b--wwii-equipment.jpg,236,295,military tank,132,199,200,273
cd94f4259b-tata-receives-huge-2.jpg,600,421,military truck,104,15,570,373
CDPG-5255-103.jpg,300,169,military helicopter,5,59,298,134
CDPH-6782-015.jpg,300,200,military helicopter,31,9,259,186
celebrity-row-davis-monthan-afb-amarg.jpg,640,389,civilian aircraft,8,225,629,311
Centurion20At20Armourgeddon20Military20Museum.jpg,462,310,military tank,41,62,411,293
centurion_polistil_playme_04.jpg,1600,1202,military tank,525,189,1314,590
centurion_polistil_playme_04.jpg,1600,1202,military tank,261,695,1310,1046
Cessna-Citation-CJ3-758x427.jpg,758,427,civilian aircraft,12,101,658,393
cfntalkfoto9c6c4dbb-6d72-4694-b7ba-2d7205813650-DxN4QchXgAAv8Dk.jpg,2988,1680,military aircraft,802,197,2170,1289
CH-47F-Chinook-USAF-730x487.jpg,730,487,military helicopter,45,78,668,365
CH-53K-King-Stallions-Lined-Up-1024x534.jpg,1024,534,military helicopter,116,180,811,400
ch47f.jpg,600,400,military helicopter,132,89,466,277
ch601.jpg,600,400,military tank,40,34,538,382
Challenger-1-Tank-Prototype-For-Sale-1-400x289.jpg,400,289,military tank,2,51,395,251
challenger2-tank.jpg,620,381,military tank,251,159,579,293
Challenger_2_Main_Battle_Tank_patrolling_outside_Basra2C_Iraq_MOD_45148325.jpg,4064,2704,military tank,294,417,3585,2347
Changhe_Z-10_Chinese-helicopters.jpg,600,376,military helicopter,38,127,524,355
Chevrolet-FNR-X-All-Purpose-Sports-Concept-Vehicle-top-view-1.jpg,2048,1365,civilian car,485,186,1907,921
chevrolet.jpg,640,340,civilian car,51,52,604,312
Chieftain-Mk10.jpg,1510,1064,military tank,92,260,1257,719
Chieftain-Tank-For-Sale-1.jpg,1600,1071,military tank,246,499,1446,905
chile(1).jpg,931,524,civilian aircraft,11,78,913,439
chile-3.jpg,660,440,civilian aircraft,110,89,515,257
chile-military-plane-1576117581.jpg,715,453,civilian aircraft,149,14,343,82
chile-military-plane-1576117581.jpg,715,453,military helicopter,152,86,630,231
Chile-Military-Plane-Disappeared-347x195.jpg,347,195,military aircraft,27,29,326,140
Chile-military-plane-disappears-with-38-aboard-Air-Force-680x365_c.jpg,680,365,military aircraft,25,235,410,356
chile-military-plane-missing-with-38-on-way-to-antarctica-2019-12-10.jpg,1000,800,military aircraft,363,32,658,269
Chile-Military-Plane.jpg,1200,674,military aircraft,39,117,1139,531
chile.1.443274.jpg,623,350,military aircraft,76,82,514,248
chile.jpg,931,524,civilian aircraft,20,74,919,455
Chilean-Military-Plane-Disa.jpg,750,430,military aircraft,11,158,675,349
chilean-plane.jpg,2000,1333,military aircraft,195,201,1919,629
chileanplanemissing.jpg,1920,1080,military aircraft,212,252,1880,536
Chile_C-130_Hercules-1912100512.jpg,800,533,military aircraft,30,249,739,402
chinook-helicopter-silhouette-11.jpg,900,460,military helicopter,383,205,648,446
chinook-helicopter-silhouette-16.jpg,900,300,military helicopter,217,58,715,269
chinook-helicopter-silhouette-17.jpg,900,560,military helicopter,131,74,636,526
chinook-helicopter-silhouette-6.jpg,900,500,military helicopter,227,49,716,396
Chinook-Helicopters-New-Atlas.jpg,900,506,military helicopter,249,55,702,418
chinook-kdKB--621x414LiveMint.jpg,621,414,military helicopter,152,92,376,275
Chinook_fb.jpg,1200,628,military helicopter,236,68,1092,582
Christmas-Card-Provided-to-FOX.jpg,931,524,military helicopter,177,27,516,321
Christmas_Schedule_Change.jpg,1220,814,civilian car,713,15,1170,340
Christmas_Schedule_Change.jpg,1220,814,civilian car,91,53,670,695
City-car.jpg,1920,1280,civilian car,275,150,1558,1120
city-street-top-view-aerial-wallpaper.jpg,1920,1080,civilian car,842,239,951,363
city-street-top-view-aerial-wallpaper.jpg,1920,1080,civilian car,704,399,816,516
city-street-top-view-aerial-wallpaper.jpg,1920,1080,civilian car,870,453,964,554
city-street-top-view-aerial-wallpaper.jpg,1920,1080,civilian car,1250,458,1365,618
city-street-top-view-aerial-wallpaper.jpg,1920,1080,civilian car,994,643,1123,769
city-street-top-view-aerial-wallpaper.jpg,1920,1080,civilian car,792,586,917,690
city-street-top-view-aerial-wallpaper.jpg,1920,1080,civilian car,586,408,679,557
city-street-top-view-aerial-wallpaper.jpg,1920,1080,civilian car,428,441,557,552
city-street-top-view-aerial-wallpaper.jpg,1920,1080,civilian car,1619,121,1745,253
city-street-top-view-aerial-wallpaper.jpg,1920,1080,civilian car,1380,196,1559,313
city-street-top-view-aerial-wallpaper.jpg,1920,1080,civilian car,955,813,1087,980
city-street-top-view-aerial-wallpaper.jpg,1920,1080,civilian car,1111,871,1210,1007
city-street-top-view-aerial-wallpaper.jpg,1920,1080,civilian car,406,656,489,771
city-street-top-view-aerial-wallpaper.jpg,1920,1080,civilian car,160,240,270,369
city-street-top-view-aerial-wallpaper.jpg,1920,1080,civilian car,73,94,170,218
city-street-top-view-aerial-wallpaper.jpg,1920,1080,civilian car,90,9,200,96
city-street-top-view-aerial-wallpaper.jpg,1920,1080,civilian car,446,6,532,111
Civil-Aircraft-Forecast.jpg,300,300,civilian aircraft,3,170,105,291
CivilAircraft-5.jpg,680,349,civilian aircraft,15,61,661,280
civilairmoving20tms.jpg,1056,816,civilian aircraft,216,305,821,587
ckp-369-f201402210885301.jpg,640,467,military truck,118,153,623,393
clipart-boat-propellor-16.jpg,2021,856,military helicopter,99,90,1954,782
clipart-candy-car-9.jpg,2432,1468,military truck,50,23,2407,1416
clipart-plane-military-plane-15.jpg,1920,1080,military aircraft,82,103,1841,807
clouds-minimalism-the-plane-fighter-wallpaper-preview.jpg,728,409,military aircraft,220,92,504,312
CN103246_22.jpg,800,576,military helicopter,188,158,792,521
cnetsp8ueaa4bwg.jpg,390,220,civilian aircraft,0,65,379,151
Cold-War-poster-equipment-Soviet-army.jpg,1600,1202,military tank,602,399,983,555
Cold-War-poster-equipment-Soviet-army.jpg,1600,1202,military tank,860,651,1229,825
Cold-War-poster-equipment-Soviet-army.jpg,1600,1202,military tank,1140,998,1483,1131
Cold-War-poster-equipment-Soviet-army.jpg,1600,1202,military tank,78,626,460,850
Cold-War-poster-equipment-Soviet-army.jpg,1600,1202,military tank,122,200,458,411
Cold-War-poster-equipment-Soviet-army.jpg,1600,1202,military helicopter,954,95,1485,327
Collection_of_military_aircraft.jpg,2997,2404,military aircraft,882,364,1679,1245
Collection_of_military_aircraft.jpg,2997,2404,military aircraft,1747,587,2967,2137
Collection_of_military_aircraft.jpg,2997,2404,military aircraft,36,531,822,2140
Collection_of_military_aircraft.jpg,2997,2404,military aircraft,1052,1534,1439,1926
Collection_of_military_aircraft.jpg,2997,2404,military aircraft,1522,1481,1724,1819
colombia01_wide-7503964096d5219279e74a1c989882a34127f296-s800-c85.jpg,800,450,civilian aircraft,25,140,779,310
columbia_helicopter_crash_AP.jpg,600,300,military helicopter,240,46,584,240
combat-fighter-jet-military-plane-isolated-white-side-view-combat-fighter-jet-military-plane-isolated-white-background-side-105668763.jpg,800,450,military aircraft,97,162,704,287
combat-helicopter-mi-28-top-view.jpg,450,580,military helicopter,186,197,234,352
combat-helicopter-mi-28-top-view_bwc43684939.jpg,157,179,military helicopter,59,61,77,118
commercial-aircraft-lighting.jpg,872,207,civilian aircraft,101,83,833,187
commercial-aircraft-mesh-stock-photograph__k12443476.jpg,450,357,civilian aircraft,18,43,442,219
commercial-aircraft-night.jpg,1680,1050,civilian aircraft,199,418,1536,785
commercial-aircraft-operators.jpg,402,407,civilian aircraft,8,164,358,334
Commercial-Aircraft-Platforms-e1471728250595-670x447.jpg,670,447,civilian aircraft,59,64,665,301
commercial-aircraft-service-500x500.jpg,500,371,civilian aircraft,61,119,452,278
commercial-aircraft-symbol-shadow-1-vector-6572842.jpg,802,1080,civilian aircraft,3,2,786,231
commercial-aircraft-symbol-shadow-1-vector-6572842.jpg,802,1080,civilian aircraft,1,311,781,655
commercial-aircraft-symbol-shadow-1-vector-6572842.jpg,802,1080,civilian aircraft,10,725,797,981
Commercial-Airliners-connected-to-air-bridges-730x548.jpg,730,548,civilian aircraft,27,310,538,432
Commercial-Airliners-connected-to-air-bridges-730x548.jpg,730,548,civilian aircraft,63,226,544,300
Commercial-Airliners-connected-to-air-bridges-730x548.jpg,730,548,civilian aircraft,118,129,539,216
Commercial-Airliners-connected-to-air-bridges-730x548.jpg,730,548,civilian aircraft,202,66,547,114
Commercial-airplane-Airbus-A330-200.jpg,1000,667,civilian aircraft,26,292,947,456
commercial-airplane-cartoon-vector-18449574.jpg,1000,780,civilian aircraft,41,226,982,524
commercial-airplane-flag-d-top-down-view-qatar-tourism-related-conceptual-rendering-138747217.jpg,1600,989,civilian aircraft,1077,535,1365,908
commercial-airplane-flying.jpg,400,266,civilian aircraft,76,141,318,212
commercial-airplane-in-flight-rear-stock-photo__x14955687.jpg,450,405,civilian aircraft,145,203,329,245
commercial-airplane-isolated-white-top-view-background-67499002.jpg,1300,821,civilian aircraft,215,37,957,690
commercial-airplane-top-view-illustration-isolated-on-black-F1N7D2.jpg,1300,921,civilian aircraft,170,50,1162,778
commercial-airplane-topview-icon-image-vector-15127687.jpg,238,250,civilian aircraft,13,31,219,231
commercial-airplane-topview-icon-image-vector-15165475.jpg,1000,1026,civilian aircraft,0,18,976,938
commercial-airplane-topview-icon-image-vector-15165757.jpg,238,250,civilian aircraft,6,13,227,238
commercial-airplane-topview-icon-image-vector-15246669.jpg,1000,1025,civilian aircraft,17,20,979,920
commercial-airplane-white-background_1308-22827.jpg,626,269,civilian aircraft,21,74,596,232
commercial-av-theater-image.jpg,1920,1080,civilian aircraft,389,222,1270,591
commercial-aviation-1200x630.jpg,1200,630,civilian aircraft,276,149,494,205
commercial-aviation-4.jpg,1200,800,civilian aircraft,38,361,966,758
Commercial-Aviation-Tracking-Devices.jpg,800,533,civilian aircraft,140,194,679,354
commercial-in-seat-power.jpg,800,800,civilian aircraft,57,83,718,371
commercial-jet-airplane-top-view-with-windows-silhouette-large-a_wall-decoration.jpg,1153,754,civilian aircraft,407,3,801,391
commercial-jet-plane-3d-render-top-clipart_csp55014718.jpg,450,269,civilian aircraft,48,7,401,243
commercial-jet-plane-3d-render-view-from-the-top-M5AKA3.jpg,1300,1390,civilian aircraft,37,51,1214,1221
Commercial-Market1.jpg,836,421,civilian aircraft,62,133,787,352
Commercial-Market2.jpg,836,421,civilian aircraft,95,33,805,395
COMMERCIAL-SOLD3.jpg,1230,815,civilian aircraft,103,344,1168,621
commercial-white-airplane-and-a-computer-laptop-on-wooden-floor-background-top-view-3d-illustration-MHYKK9.jpg,1300,591,civilian aircraft,717,89,1122,433
commercial_aircraft_front.jpg,1920,1173,civilian aircraft,165,386,1750,1102
Commercial_Aircraft_Solutions.jpg,896,498,civilian aircraft,283,143,874,368
content4Image.960_0_1.jpg,960,389,military truck,111,2,802,365
convoy-military-trucks-moving-changthang-plateau-ladakh-region-kashmir-india-road-changthang-plateau-100209253.jpg,800,455,military truck,459,315,562,399
convoy-military-trucks-moving-changthang-plateau-ladakh-region-kashmir-india-road-changthang-plateau-100209253.jpg,800,455,military truck,354,329,415,378
Copperhead-4-357x267.jpg,357,267,military truck,52,100,309,218
Copperhead-5-356x267.jpg,356,267,military truck,11,62,347,238
Copy-of-photo_16791_20100228.jpg,400,333,military truck,144,116,393,287
core_centerpiece_tab.jpg,600,400,civilian car,50,174,596,388
corolla-2.jpg,1301,976,civilian car,97,213,1196,703
cover-2.jpg,1800,2700,civilian aircraft,24,1160,1766,1864
cq5dam.web.750.750.jpg,750,256,civilian car,491,54,597,84
cq5dam.web.750.750.jpg,750,256,civilian car,529,212,622,241
cq5dam0.web.1280.1280.jpg,1280,610,civilian car,27,323,562,516
cq5dam0.web.1280.1280.jpg,1280,610,civilian car,364,304,873,497
cq5dam0.web.1280.1280.jpg,1280,610,civilian car,699,277,1251,498
crash.jpg,788,444,military helicopter,12,129,701,315
crash_mar17.jpg,600,450,military helicopter,223,75,443,170
Creative-3d-car-top-view-elevation-cad-drawing-details-dwg-file-Wed-Oct-2018-07-00-00.jpg,921,511,civilian car,113,38,759,414
CRH_1280x960.5d8911e50e456.jpg,1280,960,military helicopter,117,216,1015,569
cristian-chihaia-top.jpg,1920,1241,military truck,103,107,1661,1054
crj-cta-Banner-EN.jpg,960,347,civilian aircraft,142,31,810,284
crj-fleet-Vignette.jpg,465,197,civilian aircraft,114,11,212,48
crj-fleet-Vignette.jpg,465,197,civilian aircraft,18,57,188,119
crj-fleet-Vignette.jpg,465,197,civilian aircraft,204,50,450,156
cromwell_mk_iv-13017.jpg,500,287,military tank,342,8,497,136
cromwell_mk_iv-13017.jpg,500,287,military tank,342,150,497,275
cromwell_mk_iv-13017.jpg,500,287,military tank,2,6,333,124
cromwell_mk_iv-13017.jpg,500,287,military tank,6,130,334,280
Cropped-BC-flag-medium.jpg,602,427,military truck,347,131,583,375
crusader-mk1-tank-top-view.jpg,650,340,military tank,16,28,632,289
Crush-A-Car-With-a-Tank-image-1.jpg,480,252,military tank,161,81,381,223
Crush-A-Car-With-a-Tank-image-1.jpg,480,252,civilian car,33,183,154,244
CS-2.jpg,800,560,civilian aircraft,51,27,770,504
CS100_CS300.jpg,1061,534,civilian aircraft,614,70,1029,502
CS100_CS300.jpg,1061,534,civilian aircraft,69,32,504,158
CS100_CS300.jpg,1061,534,civilian aircraft,78,178,552,334
CS100_CS300.jpg,1061,534,civilian aircraft,68,353,537,498
ctr-top-view-1.jpg,650,477,military tank,39,36,623,402
CuLHCCXVYAAR-nc.jpg,720,576,military truck,292,116,670,413
CVF-WEB-071818-1stresponder.jpg,1680,537,civilian car,147,318,1506,498
Cybertruck-Feature-Image-11222019-1200x676.jpg,1200,676,civilian car,49,151,1076,517
cybertruck-tesla-elon-musk-steel-electric-vehicle-car-truck-_dezeen_2364_col_0-852x568.jpg,852,568,civilian car,238,75,671,396
cybertruck-tesla-elon-musk-steel-electric-vehicle-car-truck-_dezeen_2364_col_2-852x568.jpg,852,568,civilian car,285,225,632,408
cybertruck-tesla-elon-musk-steel-electric-vehicle-car-truck-_dezeen_2364_hero-852x480.jpg,852,480,civilian car,186,179,723,380
Cygnus-M3-1200x675.jpg,1200,675,civilian aircraft,186,149,1098,385
d-rendering-ah-apache-top-view-32058974.jpg,800,600,military helicopter,20,35,772,552
d0f7769aeb494f8c807358b2aa3f7cb3_18.jpg,800,450,military aircraft,34,95,750,344
D1152_71_036_0004_600.jpg,600,338,civilian car,420,0,468,90
D1152_71_036_0004_600.jpg,600,338,civilian car,474,17,510,93
D1152_71_036_0004_600.jpg,600,338,civilian car,569,7,598,101
D1152_71_036_0004_600.jpg,600,338,civilian car,399,234,436,312
D1152_71_036_0004_600.jpg,600,338,civilian car,344,233,389,318
D1152_71_036_0004_600.jpg,600,338,civilian car,108,241,141,327
D1152_71_036_0004_600.jpg,600,338,civilian car,148,12,191,92
D1152_71_036_0004_600.jpg,600,338,civilian car,238,4,271,89
D1152_71_036_0004_600.jpg,600,338,civilian car,284,13,320,99
D1152_71_036_0004_600.jpg,600,338,civilian car,335,19,373,105
D1152_71_036_0004_600.jpg,600,338,civilian car,56,11,90,82
D1152_71_036_0004_600.jpg,600,338,civilian car,12,4,45,80
D1152_71_036_0004_600.jpg,600,338,civilian car,20,243,46,315
d174c30414e5f1ff9f66a4ca8513e542.jpg,592,836,military truck,68,87,548,205
d3.jpg,1000,750,military tank,31,67,992,721
d3d8310d6cbd19c534c6ee35c3505d64.jpg,2048,1536,military helicopter,91,223,1729,1450
d3dcc79b-4a3a-4a70-8958-772022536a3e_1.52726c658f0ba3314d5081fa94370cf9.jpg,2085,1595,military tank,51,154,2026,1477
d4989773d90cc482749e7ffee71db96d.jpg,1020,424,military truck,23,18,981,360
d5527bdc04fd7dd476131bdf5ee8eebb.jpg,1500,938,civilian car,35,138,1484,724
D66F1FCD-A029-4E60-BA26B145D96A1E0F_source.jpg,1626,915,military aircraft,668,204,1351,788
D738_1_016_0004_600(1).jpg,600,338,military tank,89,7,573,326
D738_1_016_0004_600.jpg,600,338,military tank,92,16,555,329
d767e6ab70a5e4998c78ee264078a10b.jpg,678,960,military aircraft,55,40,590,947
d7a71f89ddcdaf3b370d555805116236e87a1d97.jpg,768,496,military helicopter,130,204,681,344
D828KK-TopView.jpg,720,720,military aircraft,3,10,716,683
D8tpeGWXsAAiLMA.jpg,1294,989,military tank,7,357,745,874
d9f74f055a3a64d24ab64d477d8cc2c3.jpg,720,899,civilian aircraft,257,402,452,481
daa806e0302298a2d539979ad4e61b4f.jpg,800,533,civilian aircraft,20,276,746,485
dadbf8c1-e8cb-4e9b-bbad-9406def32a25-09_Large-37294-2020KonaJPG.jpg,3000,1980,civilian car,88,302,2049,1798
daily11-sept09-2019-akk01.jpg,840,564,civilian aircraft,46,191,806,331
DC-7-4-620x380.jpg,620,380,civilian aircraft,20,141,611,343
dc-Cover-gmnd851ooial96rogpjsihul31-20180821061216.Medi.jpg,800,448,civilian aircraft,4,88,794,433
dc-Cover-hf7felhurehmotpe0mkj2d1cs6-20160404165210.Medi.jpg,800,448,military helicopter,125,4,763,411
dcbfe25679cb1fcb518f995eb569d16a.jpg,368,185,civilian car,11,20,356,170
DcfHQ7-TopView.jpg,720,720,military aircraft,64,1,648,664
dcigYod.jpg,1500,1011,military helicopter,30,242,1454,933
ddc9d2050a21377e918978a5b44d2141.jpg,600,454,military aircraft,11,18,588,422
dealer_1.jpg,440,255,civilian car,328,124,435,171
dealer_1.jpg,440,255,civilian car,6,133,189,178
death-trap-story_647_012916055919.jpg,647,404,military truck,175,58,484,301
Default_Camo-1024x374.jpg,1024,374,military tank,48,58,1011,358
defence-banner.jpg,1140,263,military truck,513,12,671,117
defence-banner.jpg,1140,263,military truck,293,67,496,236
defence-banner.jpg,1140,263,military truck,536,177,645,252
defence-banner.jpg,1140,263,military truck,677,131,818,187
defence-budget.jpg,759,422,military truck,14,72,710,382
defence-product-landing.jpg,1920,667,military truck,782,91,1793,510
defence_banner_mob.jpg,480,279,military truck,7,109,470,256
defence_diplomacy1.jpg,710,530,military truck,132,12,683,509
defender-stargate-star-fox-command-video-game-wiki-galacticos-future-technology-top-view-star-wars.jpg,800,800,military aircraft,48,154,715,640
Defense-3.jpg,2500,700,military tank,1129,135,2269,635
defense-large(1).jpg,710,325,military helicopter,69,59,658,319
defense-large.jpg,710,325,military tank,125,131,338,289
defense-large.jpg,710,325,military tank,396,149,503,215
defexpo.jpg,400,265,military truck,139,50,357,188
delta-latam.jpg,1200,800,civilian aircraft,18,76,1193,310
delta-latam.jpg,1200,800,civilian aircraft,9,432,1179,656
demilitarization_risks_02.jpg,989,1280,military truck,103,733,911,1207
Denel_Rooivalk_attack-helicopter.jpg,1280,854,military helicopter,220,286,1271,584
depositphotos_100739876-stock-photo-soviet-tank-josef-stalin-is.jpg,1023,681,military tank,22,180,996,636
depositphotos_100739876-stock-photo-soviet-tank-josef-stalin-is.jpg,1023,681,military tank,90,113,225,157
depositphotos_100739888-stock-photo-soviet-tank-josef-stalin-is.jpg,1023,681,military tank,105,12,325,135
depositphotos_100739888-stock-photo-soviet-tank-josef-stalin-is.jpg,1023,681,military tank,415,35,521,62
depositphotos_100739888-stock-photo-soviet-tank-josef-stalin-is.jpg,1023,681,military tank,539,30,752,107
depositphotos_100739888-stock-photo-soviet-tank-josef-stalin-is.jpg,1023,681,military tank,25,152,999,658
depositphotos_111000426-stock-illustration-car-silhouette-draw-four-all.jpg,1024,1024,civilian car,104,78,894,295
depositphotos_111000426-stock-illustration-car-silhouette-draw-four-all.jpg,1024,1024,civilian car,127,348,471,583
depositphotos_111000426-stock-illustration-car-silhouette-draw-four-all.jpg,1024,1024,civilian car,566,353,887,574
depositphotos_111000426-stock-illustration-car-silhouette-draw-four-all.jpg,1024,1024,civilian car,125,639,899,974
depositphotos_148157207-stock-illustration-vector-blue-airplane-illustration-top.jpg,963,1024,military aircraft,60,78,863,749
depositphotos_148157215-stock-illustration-vector-airplane-illustration-top-view.jpg,1600,1700,civilian aircraft,56,244,1443,1260
depositphotos_148460703-stock-illustration-vector-blue-airplane-illustration-top.jpg,963,1024,civilian aircraft,24,121,894,737
depositphotos_149511848-stock-photo-rescue-helicopter-top-view-isolated.jpg,1469,1700,military helicopter,112,36,1282,1511
depositphotos_150285564-stock-illustration-vector-airplane-illustration-top-view.jpg,1600,1700,civilian aircraft,58,62,702,900
depositphotos_150285564-stock-illustration-vector-airplane-illustration-top-view.jpg,1600,1700,civilian aircraft,75,974,725,1422
depositphotos_150285564-stock-illustration-vector-airplane-illustration-top-view.jpg,1600,1700,civilian aircraft,748,601,1515,1457
depositphotos_165438746-stock-illustration-engineering-blueprint-of-military-helicopter.jpg,1600,1167,military helicopter,126,304,1463,724
depositphotos_168099002-stock-illustration-vector-airplane-illustration-top-view.jpg,1600,1700,military aircraft,544,464,1020,1211
depositphotos_168099002-stock-illustration-vector-airplane-illustration-top-view.jpg,1600,1700,military aircraft,25,745,510,1517
depositphotos_168099002-stock-illustration-vector-airplane-illustration-top-view.jpg,1600,1700,military aircraft,214,129,507,728
depositphotos_168099002-stock-illustration-vector-airplane-illustration-top-view.jpg,1600,1700,military aircraft,1069,864,1390,1467
depositphotos_169947744-stock-photo-indian-army-truck-convoy.jpg,1600,1167,military truck,481,424,765,641
depositphotos_169947744-stock-photo-indian-army-truck-convoy.jpg,1600,1167,military truck,909,442,1108,707
depositphotos_171509772-stock-photo-car-isolated-on-white-silver.jpg,1600,900,civilian car,68,99,1543,684
depositphotos_174265582-stock-illustration-blueprint-of-realistic-tank-top.jpg,1024,746,military tank,35,197,972,526
depositphotos_174348506-stock-illustration-vector-airplane-illustration-top-view.jpg,1600,1324,civilian aircraft,64,131,1021,1045
depositphotos_174476808-stock-illustration-vector-airplane-illustration-top-view.jpg,963,1024,civilian aircraft,58,39,901,846
depositphotos_182541570-stock-illustration-high-detailed-white-airplane-on.jpg,1600,1700,civilian aircraft,49,699,1551,1069
depositphotos_182541570-stock-illustration-high-detailed-white-airplane-on.jpg,1600,1700,civilian aircraft,135,1141,1509,1496
depositphotos_182541570-stock-illustration-high-detailed-white-airplane-on.jpg,1600,1700,civilian aircraft,21,54,1554,595
depositphotos_184190646-stock-illustration-airplane-seamless-pattern-background-vector.jpg,1600,1700,civilian aircraft,20,118,1538,1467
depositphotos_187243396-stock-illustration-airplane-vector-illustration-top-view.jpg,1600,1700,civilian aircraft,64,155,1423,1431
depositphotos_187918732-stock-illustration-airplane-seamless-pattern-background-vector.jpg,1600,1700,civilian aircraft,36,91,1576,1522
depositphotos_188570782-stock-illustration-vector-cartoon-white-passenger-airplane.jpg,1600,1700,civilian aircraft,62,51,1514,1484
depositphotos_188571454-stock-illustration-vector-sketch-passenger-airplane-commercial(1).jpg,1600,1700,civilian aircraft,38,133,1522,1473
depositphotos_188571454-stock-illustration-vector-sketch-passenger-airplane-commercial.jpg,1600,1700,civilian aircraft,68,56,1520,1485
depositphotos_188606388-stock-illustration-airplane-seamless-pattern-background-vector.jpg,450,450,civilian aircraft,5,14,442,430
depositphotos_188606388-stock-illustration-airplane-seamless-pattern-background-vector0.jpg,1600,1700,civilian aircraft,41,60,1567,1531
depositphotos_191729572-stock-photo-navy-blue-armored-transport-truck.jpg,1600,1304,military truck,46,179,1497,1006
depositphotos_192247018-stock-illustration-airplane-vector-illustration-top-view.jpg,1600,1700,civilian aircraft,910,91,1504,1504
depositphotos_192247018-stock-illustration-airplane-vector-illustration-top-view.jpg,1600,1700,civilian aircraft,56,38,847,1484
depositphotos_195323534-stock-illustration-outline-blueprint-of-military-aircraft.jpg,1600,1167,civilian aircraft,51,124,855,963
depositphotos_195323534-stock-illustration-outline-blueprint-of-military-aircraft.jpg,1600,1167,civilian aircraft,887,783,1500,964
depositphotos_195323534-stock-illustration-outline-blueprint-of-military-aircraft.jpg,1600,1167,civilian aircraft,879,82,1541,334
depositphotos_199646760-stock-illustration-airplane-vector-illustration-top-view.jpg,1600,1324,civilian aircraft,45,33,1548,1161
depositphotos_204040154-stock-illustration-airplane-seamless-pattern-background-vector.jpg,1600,1700,civilian aircraft,55,109,1525,1518
depositphotos_210484226-stock-illustration-car-top-view-vector-illustration.jpg,1600,1167,civilian car,60,252,1529,841
depositphotos_219816382-stock-illustration-car-top-view-vector-illustration.jpg,1600,1167,civilian car,91,217,1503,832
depositphotos_230246998-stock-photo-forest-camo-old-military-tank.jpg,1600,1295,military tank,33,365,1221,1036
depositphotos_4556910-stock-photo-modern-heavy-tank-of-the.jpg,1023,681,military tank,90,300,966,652
depositphotos_59230761-stock-photo-soviet-tank-is-3-in.jpg,1024,680,military tank,69,313,949,612
depositphotos_71173381-stock-photo-helicopter-isolated-top-and-front.jpg,1024,819,military helicopter,104,16,889,237
depositphotos_71173381-stock-photo-helicopter-isolated-top-and-front.jpg,1024,819,military helicopter,62,303,788,641
depositphotos_76033035-stock-photo-bmd-scale-model.jpg,1023,682,military tank,178,131,819,577
depositphotos_83377494-stock-photo-yellow-car-top-view.jpg,1024,979,civilian car,311,34,688,924
depositphotos_95250426-stock-photo-silhouette-of-military-plane.jpg,1024,683,military aircraft,39,31,998,595
desert-gray-old-military-tank-top-stock-photo__k63902889.jpg,450,355,military tank,118,36,355,333
design-and-flow-analysis-of-a-variable-sweep-wing-on-a-commercial-aircraft.jpg,961,768,military aircraft,23,225,871,556
Despite-Tumult-Tatra-Trucks-Fleet-Growing-in-India.jpg,489,269,military truck,6,30,340,215
detail-of-a-helicopter-propellers-top-stock-photograph__k13587196.jpg,450,318,military helicopter,17,8,441,291
die-cast-4-wheel-drive-metal-military-truck-pull-back-obvie-original-imafkyqsegv4jubp.jpg,612,345,military truck,8,7,593,323
diecast-for-wargaming-front-topview.jpg,800,1257,military truck,118,30,737,1183
Diesel-Updated-9grid-v22.jpg,790,372,civilian car,33,15,222,104
Diesel-Updated-9grid-v22.jpg,790,372,civilian car,279,39,481,107
Diesel-Updated-9grid-v22.jpg,790,372,civilian car,543,39,766,92
Diesel-Updated-9grid-v22.jpg,790,372,civilian car,548,131,756,231
Diesel-Updated-9grid-v22.jpg,790,372,civilian car,326,140,460,223
Diesel-Updated-9grid-v22.jpg,790,372,civilian car,21,152,238,240
Diesel-Updated-9grid-v22.jpg,790,372,civilian car,290,253,508,365
Diesel-Updated-9grid-v22.jpg,790,372,civilian car,564,261,753,348
Diesel-Updated-9grid-v22.jpg,790,372,civilian car,17,262,257,357
Digger-tank.jpg,800,534,military tank,99,64,700,425
diy-army-tank-pen-holder-amp-boxes-colorful_161943_1466667782_2_600x600.jpg,600,416,military tank,160,111,496,310
Dj_2dGeXcAA0FpI.jpg,1200,800,military helicopter,248,269,1014,493
dlsil.jpg,390,300,military truck,7,44,382,277
dO9CIZG.jpg,3996,2273,military truck,157,193,3653,1982
Done-accident-hit-plane.jpg,1092,684,civilian aircraft,48,282,1010,601
Dont-Worry-most-of-the-ones-you-can-find-these-days-are-bigger-than-this-little-guy.jpg,600,512,military tank,16,119,577,453
dost_215x195.jpg,215,195,civilian car,2,53,210,147
DoubleCrush.jpg,1636,534,military tank,384,9,1144,416
download-2019-12-10t132124-908_829942_20191210132201.jpg,768,432,military aircraft,48,202,594,324
download-25.jpg,660,440,civilian aircraft,33,95,615,349
dpa-stp-258965.jpg,698,1050,military truck,177,649,517,997
drawing-a-plane-easy-easyjet-set-agisoft-top-view-1084x610.jpg,1084,610,military aircraft,104,23,1047,525
drdo-pinaka-mlrs-vehicle-india.jpg,800,550,military truck,35,19,753,511
drive-a-tank-alabama-463x463.jpg,463,463,military tank,3,75,450,434
drive-a-tank-alabama.jpg,840,463,military tank,12,75,809,426
Driving-Vision-Enhancement.jpg,2500,700,military tank,684,29,2295,675
DSCF3911-e1548092778648.jpg,1592,932,military tank,198,157,1259,734
DSCF8469-1200x1000.jpg,1200,1000,military tank,13,132,1188,817
DSCN2950_zps88feddee.jpg,1024,500,military tank,302,65,979,432
DSC_051620copy.jpg,590,394,civilian aircraft,66,11,205,146
DSC_0874.jpg,1200,800,military tank,28,50,1185,606
DSE-Mobile-768x425.jpg,768,425,civilian car,63,205,739,359
Dsh0F8VUcAA_Rf5.jpg,1152,736,military tank,20,300,914,712
dsrbfsrtbs.jpg,1360,765,military helicopter,436,235,952,639
Dxmr0F4W0AAb1JT.jpg,1200,675,military truck,100,60,1078,635
DYK_765x400_recognizecommaircaftV2.jpg,765,400,civilian aircraft,27,41,701,261
e-FanX-3D-graphic_popup.jpg,800,451,civilian aircraft,17,129,757,399
e007b8400837b5070ccf7926cfe628cc.jpg,640,640,military aircraft,43,133,424,452
e0898f28-eafe063xkaqvkuc.jpg,960,720,military aircraft,150,176,758,437
e17ab40aa4ba42e19aca1b4e3f711aad_c1x0-1598x686.jpg,1598,686,civilian car,754,164,1499,515
e2986aebb1300fb966dacad310f2b17c--carri-armati-model-tanks.jpg,236,287,military tank,15,18,223,92
e2986aebb1300fb966dacad310f2b17c--carri-armati-model-tanks.jpg,236,287,military tank,16,101,218,188
e2986aebb1300fb966dacad310f2b17c--carri-armati-model-tanks.jpg,236,287,military tank,17,197,107,277
e2986aebb1300fb966dacad310f2b17c--carri-armati-model-tanks.jpg,236,287,military tank,128,198,221,274
e67445ecac11d76e2ff524c031bea1ef-1200x0-c-default.jpg,1200,800,military tank,86,283,826,649
ea41c7b1308e0b32190c37ce15742f81.jpg,1200,912,civilian aircraft,66,44,1098,817
ea44b891938a8ffb11d7206f9b4d0172.jpg,254,360,military helicopter,25,93,174,231
ea64e57f1a79a98027f947155561b8e4.jpg,1596,1007,military tank,247,353,1575,927
eb96905f546746b7988da72847c42fcd_c0x0-1600x686.jpg,1600,686,civilian car,523,277,1589,497
ebdf511390b34fc577da192084cbfec0-mercedes-car-top-view-silhouette-by-vexels.jpg,512,512,civilian car,11,140,492,363
eBrief-Cover-new-image-10.13.19-300px-1.jpg,300,387,military helicopter,56,92,245,182
ec725_caracal.jpg,600,400,military helicopter,69,59,490,356
ec9da7580586a12c0dd052fe71ea5030.jpg,990,1600,civilian car,810,915,847,973
ec9da7580586a12c0dd052fe71ea5030.jpg,990,1600,civilian car,895,993,950,1128
ec9da7580586a12c0dd052fe71ea5030.jpg,990,1600,civilian car,705,1086,756,1248
ec9da7580586a12c0dd052fe71ea5030.jpg,990,1600,civilian car,630,1247,687,1305
ec9da7580586a12c0dd052fe71ea5030.jpg,990,1600,civilian car,477,1349,560,1503
ec9da7580586a12c0dd052fe71ea5030.jpg,990,1600,civilian car,262,1165,285,1219
ec9da7580586a12c0dd052fe71ea5030.jpg,990,1600,civilian car,352,1214,394,1330
ecf0da35832f5aa3712cdf198706d2dc--realistic-cakes-tank-cake.jpg,236,236,military tank,14,49,209,194
egypt-air-crash.jpg,650,365,civilian aircraft,36,153,584,300
egyptair20facebook20600x400.jpg,600,400,civilian aircraft,33,134,596,261
Egyptian-C130-Plane-Bermuda-February-23-2018-2090.jpg,800,534,military aircraft,40,51,744,345
eight_col_000_1H95VB.jpg,720,450,military aircraft,21,132,580,435
eight_col_C-2_Japan_-_Air_Force_284274879920429.jpg,720,450,civilian aircraft,63,117,701,357
EKrlCz_WwAAgDqX.jpg,1080,1176,military helicopter,21,127,1052,936
Electric-plane_16ef3063fc2_large.jpg,750,563,civilian aircraft,15,182,629,415
electric-seaplane-ap.jpg,2000,1265,civilian aircraft,147,406,1925,1007
electric.jpg,788,525,civilian car,23,68,772,433
elegant-cars-collection_23-2147701271.jpg,626,626,civilian car,63,64,558,555
EmptyGarageImage._CB1524178633_.jpg,1500,650,civilian car,540,149,1426,533
EN8yOo-TopView.jpg,720,720,military helicopter,275,18,445,697
encounter-in-pulwama_54d35440-c2f6-11e7-94e0-d13ec9d58666.jpg,960,540,military truck,290,34,740,374
encounter-in-pulwama_54d35440-c2f6-11e7-94e0-d13ec9d58666.jpg,960,540,military truck,161,129,283,230
Enterprise-Military-Offer_TBCU-Website-Middle-360x258px-360x258.jpg,360,258,civilian car,220,110,358,220
epic-flight-school.jpg,1400,686,civilian aircraft,188,160,821,426
ePlaneFirstFlight.jpg,1500,1000,civilian aircraft,690,441,1018,571
es8-es6-animation-hero-mobile402x.jpg,3713,3300,civilian car,1905,1396,3155,2149
es8-es6-animation-hero-mobile402x.jpg,3713,3300,civilian car,656,1448,1681,2029
Escort-Street.jpg,1000,598,civilian car,273,32,349,71
Escort-Street.jpg,1000,598,civilian car,286,128,356,190
esy-047959887.jpg,431,470,civilian aircraft,7,12,414,411
Eurocopter-Tiger-best-military-helicopter.jpg,1200,749,military helicopter,201,19,1171,615
eurocopter_tiger.jpg,600,374,military helicopter,47,74,591,297
eurofighter-airframe.jpg,470,273,military aircraft,74,11,381,257
eurofighter-material-aluminium-lithium.jpg,470,230,military aircraft,95,18,384,210
every-future-electric-vehicle-ev-concepts-and-coming-soon-cover-1574871397.jpg,4402,2375,civilian car,2361,214,4035,905
every-future-electric-vehicle-ev-concepts-and-coming-soon-cover-1574871397.jpg,4402,2375,civilian car,2586,1389,4141,2074
every-future-electric-vehicle-ev-concepts-and-coming-soon-cover-1574871397.jpg,4402,2375,civilian car,261,164,1922,936
every-future-electric-vehicle-ev-concepts-and-coming-soon-cover-1574871397.jpg,4402,2375,civilian car,332,1342,1777,2036
EVO_2018-02_Evolution_Aviation_04-1200x900.jpg,1200,900,military aircraft,44,91,1175,832
ewfwefg.jpg,1260,777,military tank,12,360,794,722
EXPH-1547-148.jpg,300,201,military helicopter,30,29,275,176
export-africa-tropicalized-vehicles.jpg,1920,1280,civilian car,966,43,1905,1209
export-africa-tropicalized-vehicles.jpg,1920,1280,civilian car,9,49,929,1210
exterior-open-air-fighter-plane-stock-image__f0013391.jpg,450,313,military aircraft,41,62,389,205
exterior-open-air-fighter-plane-stock-photo__f0013399.jpg,450,314,military aircraft,7,63,386,201
extra-large_060616035908.jpg,647,404,military tank,147,81,509,288
eYqpKg-TopView.jpg,720,720,military helicopter,201,59,510,692
F-117_Nighthawk_Front.jpg,1495,930,military aircraft,29,85,1466,817
f-15e-strike-eagle-dual-role-fighter-750x469.jpg,750,469,military aircraft,180,25,669,437
F-15E_Strike_Eagle.jpg,1024,641,military aircraft,19,195,979,455
f-16-silhouette-1.jpg,601,435,military aircraft,42,36,554,400
F-16_1.jpg,1728,1152,military aircraft,16,379,1643,1066
f1.jpg,1200,800,military aircraft,47,156,1158,669
f14-davis-monthan-afb-amarg-aircraft-boneyard.jpg,640,480,military aircraft,8,237,525,379
f16s.jpg,690,388,military aircraft,38,35,557,252
f172350e-e7f3-4747-8ff5-f5f58415473c.jpg,800,800,military truck,51,125,730,681
f1big.jpg,3833,2038,civilian aircraft,39,556,3798,1559
f35-top-view-hatched-biker-tanks.jpg,700,700,military aircraft,262,154,456,441
F35Jet.AFP_.jpg,1400,932,military aircraft,101,28,1273,564
f4-phantoms-parked-davis-monthan-afb-amarg.jpg,640,480,military aircraft,11,301,635,369
f41f8a02fdafe602b11b0776ac1827fc7941f405ef58906a012376661fcf6fa6.jpg,1500,2000,military tank,30,501,1430,1811
f420603eb84dffb1067e72b6b9072bae.jpg,1024,700,military helicopter,9,120,1001,546
f485fd25d0f0415eabe1e860f83ada1e_c0x0-1600x686.jpg,1600,686,civilian car,228,330,1380,518
F4F-3_new_pitot_tube_of_later_model.jpg,5985,4361,military aircraft,1177,1720,4935,3057
f4u_3way.jpg,213,335,military aircraft,5,6,201,309
F52B3614-ECC5-4FC1-B5B1-843BC3025CC3.jpg,3000,1933,military aircraft,1534,1035,2590,1774
F52B3614-ECC5-4FC1-B5B1-843BC3025CC3.jpg,3000,1933,military aircraft,335,33,1815,903
f7580e7c4e6c49e9b0514f54808ed517_18.jpg,400,223,military truck,201,146,346,221
f7a86db1491d0c9e8b14695b651d7b84-700.jpg,1188,700,military truck,911,340,1166,547
f7a86db1491d0c9e8b14695b651d7b84-700.jpg,1188,700,military truck,11,50,886,673
f8b3f4004ba87e416b4292a50144eed9-700.jpg,980,700,military aircraft,11,12,763,528
f8f76396669fa7801898fb665e9f52cf.jpg,700,700,military aircraft,79,21,610,680
f96772d35a6e920bbf4976b5d1180b1f.jpg,604,359,military tank,69,46,548,314
f975b752e0c99f495675a6ea790e68cc-700.jpg,1049,700,military aircraft,20,3,929,638
f99d3a42-b7c0-461e-aeae-dcd7b36c50e4.jpg,1200,799,military aircraft,99,170,1102,590
fa-hornet-jet-ht-jef-181205_hpMain_16x9_992.jpg,992,558,military aircraft,80,86,961,321
fa-t-50-fighter-plane-transparent-image-aircraft-aeroplane-military-plane-transparent-background-11563017206s5cjntusqp.jpg,840,859,military aircraft,2,197,838,591
fargo.jpg,770,562,military truck,144,29,581,519
farmdrop-case-study-thumbnailoptimized.jpg,640,425,civilian car,10,303,170,392
farmdrop-case-study-thumbnailoptimized.jpg,640,425,civilian car,178,307,365,400
farmdrop-case-study-thumbnailoptimized.jpg,640,425,civilian car,366,299,614,397
farnborough-uk-july-airbus-commercial-aircraft-hybrid-qatar-airways-livery-135141551.jpg,800,533,civilian aircraft,67,208,768,420
FASTag-25-11-19.jpg,500,344,civilian car,427,201,498,273
FASTag-25-11-19.jpg,500,344,civilian car,362,211,424,244
FASTag-25-11-19.jpg,500,344,civilian car,345,202,377,237
FASTag-25-11-19.jpg,500,344,civilian car,328,206,344,230
FASTAG.jpg,660,440,civilian car,61,192,284,358
FASTAG.jpg,660,440,civilian car,198,179,227,200
FASTAG.jpg,660,440,civilian car,319,181,338,194
fastags-bccl.jpg,1200,900,civilian car,87,556,415,880
Fastest-Helicopter-img.jpg,600,300,military helicopter,17,30,137,97
Fastest-Helicopter-img.jpg,600,300,military helicopter,36,134,137,168
Fastest-Helicopter-img.jpg,600,300,military helicopter,32,229,152,286
Fastest-Helicopter-img.jpg,600,300,military helicopter,190,210,298,293
Fastest-Helicopter-img.jpg,600,300,military helicopter,318,190,445,285
Fastest-Helicopter-img.jpg,600,300,military helicopter,177,20,312,102
Fastest-Helicopter-img.jpg,600,300,military helicopter,324,22,441,135
Fastest-Helicopter-img.jpg,600,300,military helicopter,470,18,537,127
Fastest-Helicopter-img.jpg,600,300,military helicopter,471,176,538,277
Fastest-Helicopter-img.jpg,600,300,military helicopter,174,129,308,193
fb-og(1).jpg,548,548,military tank,7,94,483,449
fcc08ddcbf9b4d67a0cc255c75b30952_c0x0-1600x686.jpg,1600,686,civilian car,746,129,1432,520
fch150_header.jpg,992,555,civilian aircraft,15,19,894,279
FDM-4.jpg,750,400,military tank,79,128,674,319
feature_qatar_featured.jpg,990,369,civilian aircraft,31,63,334,287
FedEx-Airbus-A310-300.jpg,1920,688,civilian aircraft,56,186,1719,680
Ferret-Armoured-Car-For-Sale-400x400.jpg,400,400,military tank,7,14,358,363
Ferret-Armoured-Car-For-Sale-400x400.jpg,400,400,civilian car,295,89,360,119
Ferret-Armoured-Car-For-Sale-400x400.jpg,400,400,military tank,32,36,76,130
fgwee(1).jpg,1260,852,military tank,96,192,1114,638
FH7ZhF-TopView.jpg,720,720,military tank,101,20,627,712
fifth-oldest-airplane-e1532096346864-700x438.jpg,700,438,civilian aircraft,10,155,617,269
fighter-aircraft-vector-icon-military-clipart__k69042832.jpg,450,470,military aircraft,89,40,361,408
fighter-jet-epa_trans_NvBQzQNjv4Bq2d3eftUMqAwiNK3QU2Ep2Bho2DlsSEf887_zepDTnhg.jpg,1928,1205,military aircraft,237,85,1646,1180
fighter-jet-military-aircraft-white-background-top-view-67558262.jpg,1300,821,military aircraft,187,65,1035,645
fighter-jet-military-plane-aircraft-isolated-white-background-front-view-65932004.jpg,1300,821,military aircraft,280,190,1038,457
fighter-jet-military-plane-top-view-aircraft-isolated-white-background-65933012(1).jpg,1300,821,military aircraft,198,76,1003,651
fighter-jet-plane-in-flight-military-aircraft-army-airplane-flying-in-sky-with-clouds-front-top-view-3d-rendering-2a9d7gr.jpg,450,273,military aircraft,69,78,392,225
fighter-jet-plane-in-flight-military-aircraft-army-airplane-flying-in-sky-with-clouds-rear-top-view-3d-rendering-2A9D7H3.jpg,1300,821,military aircraft,163,93,1141,570
fighter-jet-plane-in-flight-military-aircraft-army-airplane-flying-in-sky-with-clouds-top-view-3d-rendering-2A9D7HD.jpg,1300,821,military aircraft,278,136,1076,641
fighter-jet-war-plane-in-flat-style-image_csp53782172.jpg,450,319,military aircraft,259,32,405,92
fighter-jet-war-plane-in-flat-style-image_csp53782172.jpg,450,319,military aircraft,188,210,401,278
fighter-jet-war-plane-in-flat-style-image_csp53782172.jpg,450,319,military aircraft,25,68,265,227
fighter-plane-military-fighter-airplane-icon-vector-24243564.jpg,1000,1080,military aircraft,151,29,856,965
fighter-plane-silhouette-6.jpg,300,300,military aircraft,24,24,269,114
fighter-plane-silhouette-6.jpg,300,300,military aircraft,27,127,265,296
fighter-plane-top-view-silhouette-vector-eps-svg.jpg,1920,1035,military aircraft,115,560,623,913
fighter-plane-top-view-silhouette-vector-eps-svg.jpg,1920,1035,military aircraft,434,144,957,401
fighter-plane-top-view-silhouette-vector-eps-svg.jpg,1920,1035,military aircraft,1068,93,1575,451
fighter-plane-top-view-silhouette-vector-eps-svg.jpg,1920,1035,military aircraft,689,553,1211,862
fighter-plane-top-view-silhouette-vector-eps-svg.jpg,1920,1035,military aircraft,1317,496,1731,951
fighter-planes-modern-fighter-plane-designs-in-top-view-eps-vector_csp47219744.jpg,217,194,military aircraft,9,3,42,71
fighter-planes-modern-fighter-plane-designs-in-top-view-eps-vector_csp47219744.jpg,217,194,military aircraft,46,7,112,66
fighter-planes-modern-fighter-plane-designs-in-top-view-eps-vector_csp47219744.jpg,217,194,military aircraft,117,3,160,69
fighter-planes-modern-fighter-plane-designs-in-top-view-eps-vector_csp47219744.jpg,217,194,military aircraft,165,2,195,67
fighter-planes-modern-fighter-plane-designs-in-top-view-eps-vector_csp47219744.jpg,217,194,military aircraft,165,77,195,152
fighter-planes-modern-fighter-plane-designs-in-top-view-eps-vector_csp47219744.jpg,217,194,military aircraft,111,74,163,151
fighter-planes-modern-fighter-plane-designs-in-top-view-eps-vector_csp47219744.jpg,217,194,military aircraft,53,75,104,149
fighter-planes-modern-fighter-plane-designs-in-top-view-eps-vector_csp47219744.jpg,217,194,military aircraft,3,76,50,152
fighter-reu-L.jpg,660,440,military aircraft,10,74,445,348
Figure-2-Dimensions-of-tracked-armoured-vehicle-M1A1-tank-12-13-14_Q320.jpg,320,320,military tank,148,202,254,257
Figure-2-Dimensions-of-tracked-armoured-vehicle-M1A1-tank-12-13-14_Q320.jpg,320,320,military tank,144,84,259,148
Figure-2-Dimensions-of-tracked-armoured-vehicle-M1A1-tank-12-13-14_Q320.jpg,320,320,military tank,6,8,65,63
Figure-4-The-layout-of-the-tank-on-the-pavement-for-analysis-purposes_Q320.jpg,320,320,military tank,2,8,83,66
Figure-4-The-layout-of-the-tank-on-the-pavement-for-analysis-purposes_Q320.jpg,320,320,military tank,136,56,283,142
Figure-4-The-layout-of-the-tank-on-the-pavement-for-analysis-purposes_Q320.jpg,320,320,military tank,101,184,286,263
file-jsQ28HPcAP.jpg,821,572,civilian aircraft,157,497,216,531
file-jsQ28HPcAP.jpg,821,572,civilian aircraft,39,445,192,545
Fire-X_vertical_helicopter_unmanned_aircraft_aerial_vehicle_Northrop_Grumman_Bell_line_drawing_blueprint_001.jpg,600,450,military helicopter,217,43,532,170
Fire-X_vertical_helicopter_unmanned_aircraft_aerial_vehicle_Northrop_Grumman_Bell_line_drawing_blueprint_001.jpg,600,450,military helicopter,11,1,237,129
Fire-X_vertical_helicopter_unmanned_aircraft_aerial_vehicle_Northrop_Grumman_Bell_line_drawing_blueprint_001.jpg,600,450,military helicopter,157,249,517,382
firefighter-trying-to-get-into-crashed-car_1904721(1).jpg,450,300,civilian car,52,101,403,291
fisher-king_uav_juhele_final.jpg,300,262,military helicopter,32,45,260,247
fitch-commercial-aircraft-delivery-outlook-intact-despite-order-slowdown-9304-ujYfn2a8Um9Tyyzpa8JSbB3gy.jpg,2000,1471,civilian aircraft,118,309,1716,982
flat-design-airplane-top-view-illustration-vector-eps-vector_csp36400989(1).jpg,180,195,civilian aircraft,15,8,161,168
flights-secret-plane-axe-cockpit-856844.jpg,590,350,civilian aircraft,14,88,190,283
Flight_0.jpg,1400,450,civilian aircraft,211,139,1196,287
flying-airplane-jet-aircraft-airliner-top-view-of-detailed-passenger-air-plane-isolated-on-white-image_csp53822071.jpg,180,195,civilian aircraft,55,11,122,168
Flying-Military-Plane-Sky-iphone-8-wallpaper-ilikewallpaper_com.jpg,1080,1920,military aircraft,272,739,434,1333
FMTV_sale(1).jpg,500,350,military truck,42,22,443,306
Fokker-f-32b_700.jpg,700,305,military aircraft,48,90,589,265
foldable-frame-top-view-of-unfolded-bed-queen.jpg,680,680,military helicopter,20,47,611,630
Ford-F550-PLB12C-Landscaper20Body-Rear.jpg,1242,701,civilian car,931,53,1116,502
ford-mustang-lead.jpg,1280,721,civilian car,47,169,1143,567
Ford-Mustang-red-car-top-view-headlight_1920x1200.jpg,1920,1200,civilian car,609,77,1711,907
formula-1-red-racing-car-on-the-track-top-view-Download-Royalty-free-Vector-File-EPS-40657.jpg,1000,1200,civilian car,236,240,775,1146
formula-car-linear-light-silhouette-of-a-racing-car-isolated-on-black-background-top-view-and-side-view-vector-illustration_gg94653104.jpg,450,470,civilian car,17,51,399,223
formula-car-linear-light-silhouette-of-a-racing-car-isolated-on-black-background-top-view-and-side-view-vector-illustration_gg94653104.jpg,450,470,civilian car,18,271,396,399
four-high.jpg,3207,1661,civilian aircraft,67,667,2883,1172
four-indian-army-trucks-blown-up-90-jawans-onboard-same-train-1525984925-5543.jpg,400,293,military truck,279,9,358,251
four-indian-army-trucks-blown-up-90-jawans-onboard-same-train-1525984925-5543.jpg,400,293,military truck,109,23,272,210
four-indian-army-trucks-blown-up-90-jawans-onboard-same-train-1525984925-5543.jpg,400,293,military truck,57,85,102,187
four-indian-army-trucks-blown-up-90-jawans-onboard-same-train-1525984925-5543.jpg,400,293,military truck,32,109,49,178
four-indian-army-trucks-blown-up-90-jawans-onboard-same-train-1525984925-5543.jpg,400,293,military truck,19,122,29,179
four-indian-army-trucks-blown-up-90-jawans-onboard-same-train-1525984925-5543.jpg,400,293,military truck,10,126,16,167
france-2.jpg,660,440,military helicopter,86,97,584,316
france-tigre-helicopter-sahel-operation-barkhane-1170x610.jpg,1170,610,military helicopter,349,112,838,437
free-aston-martin-mockup-car-vehicle-branding-psd-1024x768.jpg,1024,768,civilian car,68,333,899,604
free-pickup-truck-mockup-psd-600x450.jpg,600,450,civilian car,41,134,520,326
free-van-mockup-bundle-3.jpg,1024,683,civilian car,109,137,901,552
freepressjournal2F2019-122Fcc73c4db-800d-40a6-85bd-69316d905d312FEJCwroDWsAAZ5bo.jpg,1228,690,civilian aircraft,60,124,1059,418
freepressjournal2Fimport2F20172F062Fplane.jpg,800,450,civilian aircraft,37,180,711,340
FreeVector-Military-Plane-Vector.jpg,1024,765,military aircraft,123,83,892,702
FRG_Leo2A5_2JPG.jpg,376,251,military tank,212,34,327,167
FRG_Leo2A5_2JPG.jpg,376,251,military tank,49,86,198,226
front-left-side-47.jpg,630,420,civilian car,130,97,507,297
fuel-system-forward-transfer-tank.jpg,470,300,military aircraft,16,43,373,260
fun-facts-about-planes-1.jpg,1630,1087,civilian aircraft,62,345,1532,776
fund_crunch-pdf-1_650_012414105701.jpg,650,390,military truck,23,126,253,377
fund_crunch-pdf-1_650_012414105701.jpg,650,390,military truck,291,131,493,368
fund_crunch-pdf-1_650_012414105701.jpg,650,390,military truck,559,121,581,248
fund_crunch-pdf-1_650_012414105701.jpg,650,390,military truck,444,123,530,212
fv101_scorpion.jpg,450,319,military tank,13,72,394,294
FV432-APC-AM-1-400x400.jpg,400,400,military tank,14,49,346,381
FvcR9s-TopView.jpg,720,720,military tank,169,13,579,703
FvSlmpi.jpg,2825,2261,military tank,75,52,2500,1918
g150520b.jpg,500,418,civilian aircraft,210,44,450,129
g150520b.jpg,500,418,civilian aircraft,12,58,305,252
g150520b.jpg,500,418,civilian aircraft,312,139,393,242
g150520b.jpg,500,418,civilian aircraft,404,143,448,233
g150520b.jpg,500,418,civilian aircraft,195,278,438,333
G692028129.jpg,1260,835,military tank,96,62,1125,787
g735dddm-1415270472.jpg,1689,828,civilian aircraft,42,218,1498,700
gallery-1491933972-68d07345-717a-4ef7-b217-4f65181695e6.jpg,1600,1064,civilian aircraft,36,189,1432,860
gallery-1495476292-3272123.jpg,3200,2133,military aircraft,147,458,2839,1579
gallery-1507655548-m1a2sepv3abramstrophy.jpg,1280,616,military tank,133,147,1140,534
gallery-large-01.jpg,960,600,civilian aircraft,73,226,826,425
gazelle-helicopter-roy-pedersen.jpg,350,960,military helicopter,30,97,291,290
gazelle-helicopter-roy-pedersen.jpg,350,960,military helicopter,40,340,308,759
Gazelles_400x300_Guy_Martin.jpg,400,300,military helicopter,71,202,290,291
Gazelles_400x300_Guy_Martin.jpg,400,300,military helicopter,12,10,353,213
Gazelle_-_RIAT_2018_28cropped29(1).jpg,1137,733,military helicopter,46,38,1018,694
GB701994002038202-0001-002.jpg,2469,3504,military helicopter,752,786,1940,1373
GB701994002038202-0001-002.jpg,2469,3504,military helicopter,845,1974,1957,2580
gbp-jp-2016769.jpg,700,1048,civilian car,7,908,21,1042
gbp-jp-2016769.jpg,700,1048,civilian car,56,895,173,1026
gbp-jp-2016769.jpg,700,1048,civilian car,169,885,282,1005
gbp-jp-2016769.jpg,700,1048,civilian car,278,850,404,977
gbp-jp-2016769.jpg,700,1048,civilian car,399,813,525,971
gbp-jp-2016769.jpg,700,1048,civilian car,503,797,628,957
gbp-jp-2016769.jpg,700,1048,civilian car,585,588,632,692
gbp-jp-2016769.jpg,700,1048,civilian car,522,557,579,641
gbp-jp-2016769.jpg,700,1048,civilian car,475,535,531,611
gbp-jp-2016769.jpg,700,1048,civilian car,440,497,472,579
gbp-jp-2016769.jpg,700,1048,civilian car,234,662,383,711
gbp-jp-2016769.jpg,700,1048,civilian car,174,612,314,657
gbp-jp-2016769.jpg,700,1048,civilian car,161,577,291,626
gbp-jp-2016769.jpg,700,1048,civilian car,159,562,255,574
gbp-jp-2016769.jpg,700,1048,civilian car,123,534,232,590
gbp-jp-2016769.jpg,700,1048,civilian car,117,507,225,549
gbp-jp-2016769.jpg,700,1048,civilian car,117,481,199,523
gbp-jp-2016769.jpg,700,1048,civilian car,93,469,180,494
gbp-jp-2016769.jpg,700,1048,civilian car,242,417,285,470
gbp-jp-2016769.jpg,700,1048,civilian car,281,443,294,485
gbp-jp-2016769.jpg,700,1048,civilian car,309,437,342,489
gbp-jp-2016769.jpg,700,1048,civilian car,345,449,373,515
gbp-jp-2016769.jpg,700,1048,civilian car,373,461,408,519
gbp-jp-2016769.jpg,700,1048,civilian car,415,487,431,591
GeT-Toyota-Its-Time-for-Toyota-MOBILESLIDER-600x2001.jpg,600,200,civilian car,215,105,330,182
GeT-Toyota-Its-Time-for-Toyota-MOBILESLIDER-600x2001.jpg,600,200,civilian car,81,111,246,173
GettyImages-115817387.jpg,1200,1600,military helicopter,159,426,723,735
GettyImages-115817387.jpg,1200,1600,military helicopter,493,525,1023,1407
gettyimages-123197909.jpg,2500,1495,military tank,959,764,2218,1240
gettyimages-458903992.jpg,2500,1666,military aircraft,45,173,783,499
gettyimages-458903992.jpg,2500,1666,military aircraft,740,524,1482,798
gettyimages-458903992.jpg,2500,1666,military aircraft,1500,588,2238,941
gettyimages-458903992.jpg,2500,1666,military aircraft,644,1063,1526,1411
gettyimages-458903992.jpg,2500,1666,military aircraft,1013,820,1329,1099
gettyimages-503323100.jpg,3937,2625,military truck,2122,138,3490,2465
gettyimages-53464521.jpg,2500,1626,military tank,150,640,2224,1457
GettyImages-646701960-e1565896195447.jpg,6016,3384,military helicopter,4056,2094,5423,2994
gettyimages-680587046.jpg,2500,1664,military tank,103,301,2239,1513
gettyimages-73409616.jpg,2300,1658,military truck,1713,440,2066,791
GettyImages-94954482.jpg,3000,1984,civilian aircraft,61,262,2669,1948
gettyimages-955238940-1529347023.jpg,5166,3444,military tank,170,145,4597,3160
gettyimages-98631507_wide-868f1a27f421724c0f71455e8da54b4c038af01f-s800-c85.jpg,800,450,military helicopter,8,25,632,251
gettyimages-98631507_wide-868f1a27f421724c0f71455e8da54b4c038af01f-s800-c85.jpg,800,450,military helicopter,319,196,589,293
gettyimages-98631507_wide-868f1a27f421724c0f71455e8da54b4c038af01f-s800-c85.jpg,800,450,military helicopter,430,298,565,360
GettyImages1135611967-747fd327-2881-4ecf-b0fb-fbed7184cf17.jpg,594,380,civilian aircraft,53,136,517,221
GettyImages_475999480.jpg,600,400,military truck,51,35,357,356
GettyImages_475999480.jpg,600,400,military truck,380,144,431,267
GettyImages_475999480.jpg,600,400,military truck,432,184,449,233
getty_166352320_343717.jpg,970,450,civilian aircraft,88,24,866,422
getty_670570584_200013751503697107170_367713.jpg,970,450,civilian aircraft,18,18,847,357
gfs-featureimage595x335-militaryplane.jpg,390,220,military aircraft,139,94,326,183
gift-world-radio-remote-control-tank-rc-battle-tank-battery-original-imaehwbrsyvx2r8a.jpg,832,705,military tank,6,124,822,638
Gi_Joe_Slugger_Tank_top_view_1200x1200JPG.jpg,1200,900,military tank,89,63,1071,402
gkocxgp3vyelwuyngced.jpg,800,450,military tank,213,13,657,359
GLOBAL20COMMERCIAL20AIRCRAFT20AFTERMARKET20PARTS20MARKET-min.jpg,200,260,civilian aircraft,7,82,175,161
Global20Commercial20Aircraft20Market.jpg,620,366,civilian aircraft,76,61,287,164
Global20Commercial20Aircraft20Market.jpg,620,366,civilian aircraft,143,122,401,329
Glossier-Fleet-Wraps-01.jpg,1500,860,civilian car,106,67,1327,669
gogland2.jpg,640,427,military helicopter,31,60,493,179
gogland2.jpg,640,427,military helicopter,240,187,564,230
govplanet_auctions.jpg,500,220,military truck,152,22,352,198
gptmens750x1000blacklarge-pad750x1000f8f8f8.u2.jpg,750,1000,military tank,251,320,484,444
graphicanjelo-chopper-concept-1-3fe585b9-0ppg.jpg,1366,419,military helicopter,83,106,659,309
graphicanjelo-chopper-concept-1-3fe585b9-0ppg.jpg,1366,419,military helicopter,1102,32,1226,319
graphicanjelo-chopper-concept-1-3fe585b9-0ppg.jpg,1366,419,military helicopter,770,41,1074,243
gray-pickup-truck-illustration-png-clip-art-thumbnail.jpg,350,350,civilian car,97,7,249,338
gray-sport-car-front-rear-side-and-top-view-Download-Royalty-free-Vector-File-EPS-115897.jpg,1200,804,civilian car,30,5,539,166
gray-sport-car-front-rear-side-and-top-view-Download-Royalty-free-Vector-File-EPS-115897.jpg,1200,804,civilian car,634,7,1051,214
gray-sport-car-front-rear-side-and-top-view-Download-Royalty-free-Vector-File-EPS-115897.jpg,1200,804,civilian car,36,370,479,552
gray-sport-car-front-rear-side-and-top-view-Download-Royalty-free-Vector-File-EPS-115897.jpg,1200,804,civilian car,24,568,596,762
gray-sport-car-front-rear-side-and-top-view-Download-Royalty-free-Vector-File-EPS-115897.jpg,1200,804,civilian car,671,576,1080,756
gray-sport-car-front-rear-side-and-top-view-Download-Royalty-free-Vector-File-EPS-115897.jpg,1200,804,civilian car,877,263,1077,506
gray-sport-car-front-rear-side-and-top-view-Download-Royalty-free-Vector-File-EPS-115897.jpg,1200,804,civilian car,459,206,858,393
green-car-top-view-city-vehicle-transport-automobile-transportation-vector-illustration-green-car-top-view-city-vehicle-137461175.jpg,1600,1689,civilian car,459,208,1141,1362
green-sport-car-top-view-in-flat-style-clipart__k55196121.jpg,360,470,civilian car,85,16,275,426
greeting-card-dated-february-23-military-helicopter-plane-tank-ship-defender-of-the-fatherland-day-february-23-top-view-copy-space-RHBKWP(1).jpg,1300,956,military aircraft,751,176,1036,347
greeting-card-dated-february-23-military-helicopter-plane-tank-ship-defender-of-the-fatherland-day-february-23-top-view-copy-space-RHBKWP(1).jpg,1300,956,military aircraft,294,203,649,392
greeting-card-dated-february-23-military-helicopter-plane-tank-ship-defender-of-the-fatherland-day-february-23-top-view-copy-space-RHBKWP(1).jpg,1300,956,military tank,285,536,581,691
grewwerg.jpg,1000,663,military tank,49,31,852,581
ground-crew-signal-vest.jpg,700,400,civilian aircraft,234,17,452,179
ground-ops.jpg,1920,1080,civilian aircraft,372,448,602,526
ground-ops.jpg,1920,1080,civilian aircraft,1028,429,1573,1003
GT.jpg,1684,1047,civilian car,90,414,1632,930
gt01-1.jpg,830,553,military helicopter,30,40,381,225
gt01-1.jpg,830,553,military helicopter,358,351,787,520
Guy_Mk1a_armored_car-1.jpg,703,426,military tank,18,14,651,315
h1.jpg,1300,956,military aircraft,103,170,1116,536
H125-usa-helicopters-landing-page-banner-cropped.jpg,300,158,military helicopter,76,58,196,114
H145-landingPage(1).jpg,300,152,military helicopter,86,15,234,101
h145M-hungary-campaign-2018-0003_tai7au.jpg,640,427,military helicopter,92,10,580,328
H160_Copyright_Anthony_Pecchi.jpg,300,201,military helicopter,30,40,243,148
H512028129.jpg,1260,709,military helicopter,271,177,1124,613
h6099-m1-abrams-tank-pp30-31-1527099586.jpg,1653,1062,military tank,211,126,747,313
h6099-m1-abrams-tank-pp30-31-1527099586.jpg,1653,1062,military tank,1384,114,1578,324
h6099-m1-abrams-tank-pp30-31-1527099586.jpg,1653,1062,military tank,943,104,1261,325
h6099-m1-abrams-tank-pp30-31-1527099586.jpg,1653,1062,military tank,257,379,732,621
h6099-m1-abrams-tank-pp30-31-1527099586.jpg,1653,1062,military tank,936,713,1587,935
h6099-m1-abrams-tank-pp30-31-1527099586.jpg,1653,1062,military tank,81,701,345,932
h6099-m1-abrams-tank-pp30-31-1527099586.jpg,1653,1062,military tank,403,693,636,932
h6099-m1-abrams-tank-pp30-31-1527099586.jpg,1653,1062,military tank,910,410,1107,609
h6099-m1-abrams-tank-pp30-31-1527099586.jpg,1653,1062,military tank,1115,410,1220,555
h6099-m1-abrams-tank-pp30-31-1527099586.jpg,1653,1062,military tank,1230,413,1309,545
h64dra.jpg,318,379,military helicopter,71,14,243,85
h64dra.jpg,318,379,military helicopter,5,93,296,258
h64dra.jpg,318,379,military helicopter,8,287,303,357
hal_pilotlaser14.jpg,1200,800,military aircraft,162,344,1077,497
handcrafted-wooden-military-tank-showpiece-180.jpg,500,500,military tank,12,151,477,350
handwara.jpg,647,363,military truck,246,49,576,356
handwara.jpg,647,363,military truck,93,167,202,232
hatf21.jpg,625,260,military truck,10,66,192,236
hb-68.3.jpg,800,1169,military aircraft,40,49,289,143
hb-68.3.jpg,800,1169,military aircraft,33,184,333,347
hb-68.3.jpg,800,1169,military aircraft,67,393,284,480
hb-68.3.jpg,800,1169,military aircraft,12,694,295,750
hb-68.3.jpg,800,1169,military aircraft,22,773,295,1011
hb-68.3.jpg,800,1169,military aircraft,30,1042,292,1113
hb-68.3.jpg,800,1169,military aircraft,469,55,763,120
hb-68.3.jpg,800,1169,military aircraft,472,142,760,346
hb-68.3.jpg,800,1169,military aircraft,488,365,732,449
hb-68.3.jpg,800,1169,military aircraft,441,681,775,750
hb-68.3.jpg,800,1169,military aircraft,439,775,793,1006
hb-68.3.jpg,800,1169,military aircraft,464,1040,746,1102
he1R8B-TopView.jpg,720,720,military helicopter,270,73,468,689
heli-top-view-top-baseball-baby-bodysuit.jpg,190,190,military helicopter,64,59,124,96
heli-top-view-top-circle-logo-unisex-jersey-t-shirt.jpg,190,190,military helicopter,75,43,114,78
heli-top-view-top-circle-logo-womens-premium-hoodie.jpg,190,190,military helicopter,32,55,155,123
heli-top-view-top-small-buttons.jpg,190,190,military helicopter,70,75,154,138
heli.jpg,500,300,military helicopter,3,47,481,222
helicopter-12.jpg,3840,2160,military helicopter,480,82,3502,1778
helicopter-1280x720.jpg,1280,720,military helicopter,237,58,902,385
helicopter-696x392.jpg,696,392,military helicopter,28,138,453,268
helicopter-aircraft-symbol-KYGD3B.jpg,1300,678,military helicopter,48,74,1198,506
helicopter-black-outline-vector-icon_gg80544806.jpg,450,470,military helicopter,90,72,361,351
helicopter-clipart-side-view-10.jpg,850,459,military helicopter,139,108,743,427
helicopter-clipart-top-view-320855-1887813.jpg,260,260,military helicopter,4,51,249,219
helicopter-crash-lead.jpg,759,422,military helicopter,57,215,332,337
helicopter-crash.jpg,600,400,military helicopter,122,137,521,318
helicopter-drawing-outline-drawing-of-helicopter-the-helicopter-in-three-views-top-view-side-front-realistic-image-drawing-helicopter-step-step.jpg,450,320,military helicopter,257,200,381,283
helicopter-drawing-outline-drawing-of-helicopter-the-helicopter-in-three-views-top-view-side-front-realistic-image-drawing-helicopter-step-step.jpg,450,320,military helicopter,193,32,435,115
helicopter-drawing-outline-drawing-of-helicopter-the-helicopter-in-three-views-top-view-side-front-realistic-image-drawing-helicopter-step-step.jpg,450,320,military helicopter,10,63,191,235
helicopter-flat-icon-isolated-aircraft-top-view-vector-18139268.jpg,1000,1080,military helicopter,66,200,886,674
helicopter-icon-25.jpg,626,626,military helicopter,4,152,617,459
helicopter-icon-top-view-military-silhouette-vector-eps-55329946.jpg,1300,1177,military helicopter,51,182,1214,1003
helicopter-ie.jpg,660,440,military helicopter,98,74,526,403
helicopter-industry-news-AVX-Aircraft-Company-L3-Technologies-US-Army-Reconnaissance-Aircraft.jpg,1890,1255,military helicopter,200,64,845,353
helicopter-industry-news-AVX-Aircraft-Company-L3-Technologies-US-Army-Reconnaissance-Aircraft.jpg,1890,1255,military helicopter,15,430,384,708
helicopter-industry-news-AVX-Aircraft-Company-L3-Technologies-US-Army-Reconnaissance-Aircraft.jpg,1890,1255,military helicopter,24,833,343,1178
helicopter-industry-news-AVX-Aircraft-Company-L3-Technologies-US-Army-Reconnaissance-Aircraft.jpg,1890,1255,military helicopter,416,593,997,984
helicopter-industry-news-AVX-Aircraft-Company-L3-Technologies-US-Army-Reconnaissance-Aircraft.jpg,1890,1255,military helicopter,964,818,1497,1146
helicopter-ker-2.jpg,600,442,military helicopter,11,9,542,373
helicopter-png-full-hd-4.jpg,807,457,military helicopter,76,43,757,447
helicopter-rotor-aircraft-rotorcraft-propeller-top-view.jpg,800,523,military helicopter,51,69,789,363
helicopter-rotor-airplane-clip-art-png-favpng-FYB4qe5nsqbZfTN0iCgXTbD9g_t.jpg,290,246,military helicopter,13,102,216,215
helicopter-rotor-airplane-clip-art-png-favpng-M8GeEMH47xQWxcwGGnfwCJjuP_t.jpg,290,253,military helicopter,2,92,279,228
helicopter-rotor-silhouette-clip-art-helicopter-top-view.jpg,728,291,military helicopter,22,44,625,285
helicopter-sikorsky-super-stallion.jpg,300,226,military helicopter,31,35,257,210
helicopter-stealth-595.n.jpg,410,230,military helicopter,32,25,360,190
helicopter-top-view-battle-helicopter-icon-in-vector-26951530.jpg,1000,1080,military helicopter,303,227,713,755
helicopter-top-view-isolated-on-white-3d-rendering-TBC1YY.jpg,955,1390,military helicopter,370,79,845,1155
helicopter-top-view-isolated-on-white-3d-rendering-TCYF45.jpg,1040,1390,military helicopter,81,66,931,1224
helicopter-top-view-vector-clipart_csp46802704.jpg,450,470,military helicopter,72,45,373,417
helicopter-view.jpg,800,533,military helicopter,257,214,612,365
helicopter.jpg,1200,679,military helicopter,228,125,1073,592
helix-top-clip-art__03p0276.jpg,450,347,military helicopter,12,19,400,278
hercules-0(1).jpg,2454,1841,military aircraft,211,149,2126,1706
hercules-c-130-plane-CHILEPLANE1219.jpg,1600,1000,military aircraft,69,281,1387,701
hercules-plane-gty-er-181212_hpMain_16x9_992.jpg,992,558,military aircraft,465,41,883,312
Hercules.jpg,1200,900,military aircraft,24,120,1049,773
hero-genx_0.jpg,1200,540,military aircraft,363,190,840,280
hg3318_russian_medium_tank_top_view_hobby_master.jpg,1067,485,military tank,62,87,946,432
HH1303-F-01.jpg,2492,1458,civilian car,429,434,2046,1141
high-detailed-white-airplane-on-a-white-clipart__k54370624.jpg,450,427,civilian aircraft,18,7,240,108
high-detailed-white-airplane-on-a-white-clipart__k54370624.jpg,450,427,civilian aircraft,258,14,395,185
high-detailed-white-airplane-on-a-white-clipart__k54370624.jpg,450,427,civilian aircraft,15,183,392,292
high-detailed-white-airplane-on-a-white-clipart__k54370624.jpg,450,427,civilian aircraft,37,332,402,410
Highway-road-red-car-top-view_3840x2160.jpg,3840,2160,civilian car,1575,980,2057,1266
HitlerMonsterTanks_2000x577.jpg,2000,577,military tank,262,50,1402,557
HitlerMonsterTanks_8.jpg,650,442,military tank,42,62,554,311
Hixenbaugh-boarding-53_2_crop.jpg,750,500,military helicopter,29,37,655,355
Hobby-Master-HA5401-T-38A-Talon-NASA-Chase-Plane-Space-Shuttle-Columbia-Diecast-model-Top-View-.jpg,1522,800,military aircraft,290,69,1223,731
home-carcrush(1).jpg,325,301,military tank,25,32,285,151
home-carcrush(1).jpg,325,301,civilian car,23,157,284,287
home-tankdriving.jpg,325,259,military tank,14,119,234,252
homepage-2.jpg,837,400,military tank,34,61,733,360
homepage-3.jpg,837,400,military tank,42,50,742,369
homepage-banner.jpg,1050,480,civilian car,184,167,875,366
honor.jpg,2048,1360,military helicopter,101,111,1209,704
How-to-be-A-Transportify-Driver-Partner-Feature.jpg,450,253,civilian car,110,105,366,225
how-to-draw-an-airplane-taking-off-with-banner-a-top-view.jpg,800,800,military aircraft,41,189,709,651
how-to-draw-Military-Helicopter-step-0.jpg,800,563,military helicopter,24,150,706,372
How-To-Join-Indian-Army1.jpg,665,400,military truck,376,197,586,363
How-To-Ship-Cars-Overseas-International-Car-Shipping.jpg,1280,455,civilian car,53,211,209,406
How-To-Ship-Cars-Overseas-International-Car-Shipping.jpg,1280,455,civilian car,19,73,254,374
How-To-Ship-Cars-Overseas-International-Car-Shipping.jpg,1280,455,civilian car,293,129,432,366
How-To-Ship-Cars-Overseas-International-Car-Shipping.jpg,1280,455,civilian car,443,155,527,325
How-To-Ship-Cars-Overseas-International-Car-Shipping.jpg,1280,455,civilian car,573,167,652,320
Howo-Military-Cargo-truck-and-4x4-military.jpg,750,750,military truck,19,146,672,652
hqdefault(1).jpg,480,360,military tank,267,182,426,281
hqdefault(1).jpg,480,360,military tank,159,191,263,262
hqdefault(2).jpg,480,360,military tank,29,150,293,314
hqdefault(3).jpg,480,360,military aircraft,139,48,427,137
hqdefault(3).jpg,480,360,military aircraft,24,146,424,312
hqdefault(4).jpg,480,360,military truck,170,56,420,256
hqdefault(5).jpg,480,360,military aircraft,69,66,408,307
hqdefault(6).jpg,480,360,military helicopter,70,79,418,296
hqdefault(7).jpg,480,360,military helicopter,70,63,401,289
hqdefault0(1).jpg,480,360,military tank,169,81,414,304
hqdefault0(1).jpg,480,360,military tank,22,171,157,280
hqdefault0(2).jpg,480,360,military aircraft,10,153,421,245
hqdefault0(4).jpg,480,360,military aircraft,259,87,377,136
hqdefault0(4).jpg,480,360,military aircraft,78,110,276,170
hqdefault0(5).jpg,480,360,military helicopter,26,18,416,315
hqdefault0(6).jpg,480,360,military helicopter,259,136,407,279
hqdefault0.jpg,480,360,civilian car,121,80,251,183
hqdefault1(1).jpg,480,360,military tank,23,94,273,259
hqdefault1(2).jpg,480,360,military truck,5,5,297,311
hqdefault1(2).jpg,480,360,military truck,347,4,454,128
hqdefault1(3).jpg,480,360,military helicopter,251,91,446,170
hqdefault1(3).jpg,480,360,military helicopter,24,168,206,244
hqdefault2(1).jpg,480,360,military truck,5,139,446,266
hqdefault2(2).jpg,480,360,military helicopter,9,68,465,239
hqdefault3(1).jpg,480,360,military helicopter,199,78,450,326
hqdefault3(1).jpg,480,360,military helicopter,69,185,190,310
hqdefault3(1).jpg,480,360,military helicopter,10,205,78,294
hqdefault3.jpg,480,360,military truck,133,68,358,312
hqdefault4(1).jpg,480,360,military helicopter,45,46,435,318
hqdefault5(1).jpg,480,360,military helicopter,58,48,415,278
hqdefault5.jpg,480,360,military truck,171,81,471,229
hqdefault5.jpg,480,360,military truck,98,131,160,205
hqdefault5.jpg,480,360,military truck,75,156,92,199
hqdefault5.jpg,480,360,military truck,56,161,73,195
hqdefault5.jpg,480,360,military truck,42,169,52,188
hqdefault5.jpg,480,360,military truck,24,171,39,184
hqdefault6.jpg,480,360,military truck,113,36,348,276
HQZ162-Z-F1X2-O-web.jpg,1800,867,military tank,69,66,1753,796
HQZ162-Z-F2-O-web-1024x422.jpg,1024,422,military tank,27,39,1005,397
hrv-av-15-e28093-heavy-recovery-vehicle-w.jpg,777,469,military truck,294,130,436,404
HTB14.DTXyjrK1RjSsplq6xHmVXa1.jpg,640,640,military tank,264,348,580,607
HTB14.DTXyjrK1RjSsplq6xHmVXa1.jpg,640,640,military truck,286,178,610,259
HTB14.DTXyjrK1RjSsplq6xHmVXa1.jpg,640,640,military truck,294,281,628,364
HTB14.DTXyjrK1RjSsplq6xHmVXa1.jpg,640,640,military truck,282,28,598,160
HTB1av3CgZjI8KJjSsppq6xbyVXaR.jpg,950,864,military helicopter,24,84,798,478
HTB1nn4PKFXXXXcKXXXXq6xXFXXXZ.jpg,800,800,civilian car,339,248,476,558
HTB1Oez7zmBYBeNjy0Feq6znmFXaC.jpg,800,800,military truck,30,68,758,437
HTB1qQBHSpXXXXcbXXXXq6xXFXXXW.jpg,741,742,military aircraft,24,85,732,635
HTB1QSePKXXXXXa9XFXXq6xXFXXXu.jpg,750,2000,military tank,226,1659,531,1961
HTB1QSePKXXXXXa9XFXXq6xXFXXXu.jpg,750,2000,military tank,232,1253,509,1603
HTB1QSePKXXXXXa9XFXXq6xXFXXXu.jpg,750,2000,military tank,194,879,580,1198
HTB1QSePKXXXXXa9XFXXq6xXFXXXu.jpg,750,2000,military tank,336,295,706,444
https3A2F2Fcdn.cnn.com2Fcnnnext2Fdam2Fassets2F191126104306-01-mali-france-eurocopter-tiger-file.jpg,1200,675,military helicopter,36,235,680,452
https3A2F2Fcdn.cnn.com2Fcnnnext2Fdam2Fassets2F191126104306-01-mali-france-eurocopter-tiger-file.jpg,1200,675,military helicopter,809,276,1144,356
https3A2F2Fspecials-images.forbesimg.com2Fimageserve2F514054132F960x0.jpg,960,600,military truck,719,253,922,565
HUIQIBAO-Toys-437pcs-Military-USA-M4-font-b-Tank-b-font-Building-Blocks-Compatible-font-b.jpg,950,950,military tank,517,26,918,251
HUIQIBAO-Toys-437pcs-Military-USA-M4-font-b-Tank-b-font-Building-Blocks-Compatible-font-b.jpg,950,950,military tank,15,169,905,642
hxjkgcnpennhfsvnervu.jpg,800,386,civilian aircraft,164,47,787,343
hybrid.jpg,1100,900,civilian car,114,115,478,419
hybrid.jpg,1100,900,civilian car,540,341,824,575
hybrid.jpg,1100,900,civilian car,834,417,1080,602
HYPERSONIC-FLIGHT-MAIN-IMAGE.jpg,1900,900,military aircraft,272,67,1697,775
Hyundai-Venue-Top-view.jpg,800,539,civilian car,58,125,755,499
Hyundai_family_range_800x600.jpg,800,600,civilian car,680,280,791,383
Hyundai_family_range_800x600.jpg,800,600,civilian car,530,291,679,404
Hyundai_family_range_800x600.jpg,800,600,civilian car,302,303,534,520
Hyundai_family_range_800x600.jpg,800,600,civilian car,177,268,299,389
Hyundai_family_range_800x600.jpg,800,600,civilian car,82,268,171,387
Hyundai_family_range_800x600.jpg,800,600,civilian car,8,266,73,374
Hyundai_family_range_800x600.jpg,800,600,civilian car,383,261,443,303
Hyundai_family_range_800x600.jpg,800,600,civilian car,649,260,689,292
Hyundai_Kona_Electric_640x331.jpg,640,331,civilian car,83,108,565,296
Hyundai_Santa_Fe_Highlander_640x331.jpg,640,331,civilian car,45,105,599,315
I0000NKlMnTUE_OI.jpg,1000,667,military truck,254,81,806,601
I0000YZn.YSLgo9w.jpg,1000,696,military truck,97,152,488,470
i20-Active-3-Door-w.jpg,650,366,civilian car,24,18,647,338
I6dpD5-TopView.jpg,720,720,military helicopter,278,24,441,667
IAF-Fly-Past.jpg,875,583,military helicopter,9,69,347,227
IAF-Fly-Past.jpg,875,583,military helicopter,245,245,475,388
IAF-Fly-Past.jpg,875,583,military helicopter,507,266,807,357
IAF-Kutch-Rescue.jpg,875,583,military helicopter,113,118,768,319
IAF2.jpg,688,360,military aircraft,199,87,505,214
icn5.jpg,361,244,military tank,34,28,321,210
Icon_EV-car-selector-1024x731.jpg,1024,731,civilian car,143,226,732,581
ID35695_600.jpg,600,450,military helicopter,8,98,555,280
id_ltt-hmt_trailer_m1101_04_700.jpg,504,316,military truck,438,105,489,198
id_mtvr_01_700.jpg,504,401,military truck,32,8,484,372
ighter_Squadron_28VFA29_112C_makes_a_sharp_turn_above_the_flight_deck_aboard_the_Nimitz-class_nuclear-powered_aircraft_carrier_USS_Harry_S._Truman.jpg,1050,696,military aircraft,60,54,979,606
illustration-of-white-fireman-fireman-guy-flying-in-gyrocopter-front-side-angle-top-view-by-leo-blanchette-46458.jpg,1024,1124,military helicopter,9,137,992,503
il_570xN.1246089095_azq9.jpg,570,837,military helicopter,227,266,480,362
il_570xN.1246089095_azq9.jpg,570,837,military helicopter,396,373,501,466
il_570xN.1246089095_azq9.jpg,570,837,military helicopter,213,461,498,608
il_570xN.1246089095_azq9.jpg,570,837,military helicopter,65,449,151,581
il_570xN.1246089095_azq9.jpg,570,837,military helicopter,59,344,312,456
il_570xN.1246089095_azq9.jpg,570,837,military helicopter,51,190,343,291
il_570xN.1390804598_nv8l.jpg,570,456,military tank,8,12,143,88
il_570xN.1390804598_nv8l.jpg,570,456,military tank,11,90,160,142
il_570xN.1390804598_nv8l.jpg,570,456,military tank,12,152,160,205
il_570xN.1390804598_nv8l.jpg,570,456,military tank,11,210,145,271
il_570xN.1390804598_nv8l.jpg,570,456,military tank,9,277,143,335
il_570xN.1390804598_nv8l.jpg,570,456,military tank,12,342,162,405
il_570xN.1390804598_nv8l.jpg,570,456,military tank,174,31,353,81
il_570xN.1390804598_nv8l.jpg,570,456,military tank,188,85,322,149
il_570xN.1390804598_nv8l.jpg,570,456,military tank,165,144,345,202
il_570xN.1390804598_nv8l.jpg,570,456,military tank,168,214,352,266
il_570xN.1390804598_nv8l.jpg,570,456,military tank,161,281,359,343
il_570xN.1390804598_nv8l.jpg,570,456,military tank,170,346,303,402
il_570xN.1390804598_nv8l.jpg,570,456,military tank,399,29,548,86
il_570xN.1390804598_nv8l.jpg,570,456,military tank,418,92,559,137
il_570xN.1390804598_nv8l.jpg,570,456,military tank,349,132,440,217
il_570xN.1390804598_nv8l.jpg,570,456,military tank,445,156,561,195
il_570xN.1390804598_nv8l.jpg,570,456,military tank,403,206,560,261
il_570xN.1390804598_nv8l.jpg,570,456,military tank,388,263,556,344
il_570xN.1390804598_nv8l.jpg,570,456,military tank,308,350,442,409
il_570xN.1578141898_3he3.jpg,570,456,military aircraft,13,79,529,405
il_570xN.1607236113_kbbc.jpg,570,602,military truck,306,147,378,214
il_570xN.1780638456_4h3n.jpg,570,428,military aircraft,210,49,347,353
il_570xN.1833851460_8uuq.jpg,570,456,military aircraft,169,9,385,434
il_794xN.1847197221_5rlr.jpg,794,544,military aircraft,245,137,531,386
image(1).jpg,104,104,military tank,0,15,103,98
image(10).jpg,274,184,civilian aircraft,24,60,245,120
image(10).jpg,274,184,civilian aircraft,101,121,210,148
image(11).jpg,225,225,civilian aircraft,41,19,181,206
image(2).jpg,96,203,military tank,15,11,80,168
image(3).jpg,1280,720,military helicopter,483,10,1243,681
image(4).jpg,275,183,military aircraft,30,18,242,162
image(5).jpg,1020,574,civilian car,12,73,418,553
image(5).jpg,1020,574,civilian car,371,98,658,508
image(5).jpg,1020,574,civilian car,618,124,753,492
image(6).jpg,287,176,military helicopter,91,67,177,118
image(7).jpg,267,189,military helicopter,9,40,163,154
image(7).jpg,267,189,military helicopter,109,17,260,72
image(7).jpg,267,189,military helicopter,146,115,240,164
image(8).jpg,305,165,military aircraft,37,41,298,119
image-20141124-19618-1prlyn8.jpg,1700,1148,civilian aircraft,59,402,1577,776
image-20160519-4478-2jwbaz.jpg,4098,2475,civilian aircraft,155,207,4034,1139
image-523585-860_poster_16x9-rqnt-523585.jpg,860,484,military aircraft,319,155,567,416
image-of-military-drone-top-front-and-side-view-vector-20052882.jpg,238,250,military aircraft,15,113,137,201
image-of-military-drone-top-front-and-side-view-vector-20052882.jpg,238,250,military aircraft,5,55,172,88
image-of-military-drone-top-front-and-side-view-vector-20052882.jpg,238,250,military aircraft,139,99,227,131
image-placeholder-title.jpg,1200,673,military helicopter,67,78,1025,372
image.jpg,900,520,civilian car,426,264,445,283
image.jpg,900,520,civilian car,100,390,156,418
image.jpg,900,520,civilian car,613,406,660,434
image.jpg,900,520,civilian car,24,362,77,390
image.jpg,900,520,civilian car,439,215,455,234
image.jpg,900,520,civilian car,442,202,460,213
image.jpg,900,520,civilian car,449,186,467,195
image.jpg,900,520,civilian car,486,86,496,96
image.jpg,900,520,civilian car,488,78,497,85
image.jpg,900,520,civilian car,451,175,463,184
image.jpg,900,520,civilian car,467,102,477,111
image.jpg,900,520,civilian car,467,112,477,118
image.jpg,900,520,civilian car,458,134,474,144
image.jpg,900,520,civilian car,455,150,468,159
image.jpg,900,520,civilian car,456,168,472,181
image0(10).jpg,274,184,civilian aircraft,28,58,244,123
image0(10).jpg,274,184,civilian aircraft,97,121,209,149
image0(11).jpg,225,225,civilian aircraft,40,22,181,204
image0(2).jpg,216,233,military tank,64,24,153,191
image0(3).jpg,275,183,military aircraft,29,22,241,165
image0(4).jpg,104,104,military truck,0,11,103,87
image0(5).jpg,305,165,military aircraft,43,41,299,120
image0(6).jpg,275,183,military helicopter,34,4,213,79
image0(6).jpg,275,183,military truck,117,159,148,181
image0(7).jpg,267,189,military helicopter,16,43,171,151
image0(7).jpg,267,189,military helicopter,110,18,257,67
image0(7).jpg,267,189,military helicopter,148,118,239,166
image0.jpg,279,181,military truck,23,19,251,135
image003.jpg,800,442,military tank,574,113,703,189
image003.jpg,800,442,military tank,401,98,565,207
image003.jpg,800,442,military tank,103,113,403,276
image1(10).jpg,323,156,civilian aircraft,64,27,318,138
image1(2).jpg,620,330,military helicopter,34,73,554,279
image1(3).jpg,216,233,military tank,64,19,155,191
image1(4).jpg,104,104,military truck,1,11,104,88
image1(5).jpg,104,104,military aircraft,0,6,103,93
image1(6).jpg,261,193,military helicopter,2,37,257,175
image1(7).jpg,259,194,military helicopter,16,5,246,185
image1.jpg,225,225,military truck,5,23,222,185
image10(11).jpg,217,232,civilian aircraft,6,9,199,209
image10(2).jpg,249,202,military tank,20,11,227,78
image10(2).jpg,249,202,military tank,20,84,211,175
image10(3).jpg,220,229,military aircraft,43,23,173,200
image10(4).jpg,104,104,military truck,13,28,103,89
image10(5).jpg,104,104,military aircraft,10,6,103,95
image10(6).jpg,104,104,military helicopter,1,27,103,80
image10(8).jpg,104,104,civilian car,1,9,103,91
image10(9).jpg,225,225,civilian car,8,62,215,169
image11(1).jpg,104,104,military tank,30,23,103,96
image11(1).jpg,104,104,military tank,0,37,34,77
image11(10).jpg,104,104,civilian aircraft,0,19,103,77
image11(11).jpg,217,232,civilian aircraft,5,10,199,209
image11(2).jpg,249,202,military tank,18,10,226,72
image11(2).jpg,249,202,military tank,20,84,229,176
image11(3).jpg,283,178,military aircraft,40,17,222,144
image11(7).jpg,203,248,military helicopter,16,10,187,219
image11(9).jpg,104,104,civilian car,0,22,103,78
image11.jpg,225,225,military truck,3,45,222,204
image12(11).jpg,223,226,civilian aircraft,27,17,194,198
image12(2).jpg,238,211,military tank,17,11,217,96
image12(2).jpg,238,211,military tank,15,99,217,196
image12(4).jpg,247,204,military truck,1,30,245,188
image12(7).jpg,220,229,military helicopter,33,11,180,201
image12(9).jpg,104,104,civilian car,1,22,103,80
image12.jpg,225,225,military truck,0,51,222,198
Image1235.jpg,800,600,military tank,65,83,679,487
image13(11).jpg,223,226,civilian aircraft,25,14,191,213
image13(2).jpg,238,211,military tank,17,8,219,97
image13(2).jpg,238,211,military tank,15,101,220,198
image13(3).jpg,283,178,military aircraft,42,17,221,139
image13(4).jpg,280,180,military truck,14,13,269,171
image13(6).jpg,104,104,military helicopter,0,1,103,99
image13(7).jpg,220,229,military helicopter,34,10,180,203
image13(8).jpg,104,104,civilian car,0,25,103,82
image13(9).jpg,104,104,civilian car,0,12,99,92
image14(1).jpg,104,104,military tank,1,30,99,81
image14(10).jpg,104,104,civilian aircraft,1,34,102,72
image14(11).jpg,283,178,civilian aircraft,58,8,207,152
image14(2).jpg,239,210,military tank,20,34,218,113
image14(2).jpg,239,210,military tank,17,117,218,197
image14(4).jpg,280,180,military truck,20,19,269,168
image14(6).jpg,104,104,military helicopter,1,34,102,93
image14(7).jpg,201,251,military helicopter,13,7,183,222
image14(8).jpg,275,183,civilian car,6,24,269,149
image14(9).jpg,104,104,civilian car,0,11,98,95
image15(1).jpg,104,104,military tank,4,28,99,79
image15(10).jpg,104,104,civilian aircraft,0,23,102,69
image15(11).jpg,283,178,civilian aircraft,53,8,208,155
image15(2).jpg,216,233,military tank,21,23,96,87
image15(2).jpg,216,233,military tank,119,27,195,89
image15(2).jpg,216,233,military tank,21,92,173,142
image15(2).jpg,216,233,military tank,40,144,199,200
image15(4).jpg,288,175,military truck,9,15,279,144
image15(6).jpg,104,104,military helicopter,0,30,101,92
image15(7).jpg,201,251,military helicopter,16,7,181,225
image15(8).jpg,345,146,civilian car,51,83,120,116
image15(8).jpg,345,146,civilian car,102,76,170,124
image15(8).jpg,345,146,civilian car,161,45,227,131
image15(8).jpg,345,146,civilian car,229,68,288,126
image15.jpg,275,183,military truck,4,8,183,89
image15.jpg,275,183,military truck,189,10,265,86
image15.jpg,275,183,military truck,193,98,270,179
image15.jpg,275,183,military truck,1,92,188,181
image16(1).jpg,333,151,military tank,1,60,145,143
image16(1).jpg,333,151,military tank,191,95,235,127
image16(1).jpg,333,151,military tank,233,102,252,124
image16(1).jpg,333,151,military tank,253,107,269,123
image16(1).jpg,333,151,military tank,269,109,280,124
image16(1).jpg,333,151,military tank,279,111,286,122
image16(1).jpg,333,151,military tank,285,112,296,122
image16(1).jpg,333,151,military tank,297,113,307,122
image16(10).jpg,104,104,civilian aircraft,0,29,102,70
image16(11).jpg,298,169,civilian aircraft,60,7,215,141
image16(2).jpg,260,194,military tank,6,51,234,152
image16(3).jpg,300,168,military aircraft,43,17,262,135
image16(4).jpg,288,175,military truck,6,14,281,149
image16(6).jpg,104,104,military helicopter,0,17,102,90
image16(7).jpg,208,243,military helicopter,22,17,175,218
image16(8).jpg,345,146,civilian car,55,86,111,116
image16(8).jpg,345,146,civilian car,112,77,169,123
image16(8).jpg,345,146,civilian car,165,47,230,131
image16(8).jpg,345,146,civilian car,232,65,291,125
image17(1).jpg,300,168,military tank,9,17,277,159
image17(11).jpg,298,169,civilian aircraft,65,5,214,146
image17(2).jpg,246,205,military tank,13,7,231,80
image17(2).jpg,246,205,military tank,15,88,225,181
image17(3).jpg,283,178,military aircraft,44,18,221,143
image17(4).jpg,300,168,military truck,19,36,247,139
image17(6).jpg,104,104,military helicopter,0,10,103,69
image17(7).jpg,208,243,military helicopter,15,25,181,222
image17(8).jpg,300,168,civilian car,42,31,254,118
image17(9).jpg,104,104,civilian car,3,28,100,69
image17.jpg,275,183,military truck,7,38,266,149
image18(1).jpg,300,168,military tank,15,10,274,160
image18(11).jpg,217,232,civilian aircraft,22,23,190,196
image18(2).jpg,246,205,military tank,15,9,232,81
image18(2).jpg,246,205,military tank,16,88,231,180
image18(3).jpg,283,178,military aircraft,46,19,223,140
image18(4).jpg,290,174,military truck,7,5,268,168
image18(5).jpg,275,183,military aircraft,12,61,215,126
image18(6).jpg,104,104,military helicopter,2,2,103,85
image18(7).jpg,299,168,military helicopter,28,8,273,153
image18(8).jpg,272,185,civilian car,6,16,267,167
image18(9).jpg,104,104,civilian car,3,27,100,68
image18.jpg,275,183,military truck,6,31,265,153
image19(1).jpg,289,174,military tank,88,23,276,157
image19(11).jpg,217,232,civilian aircraft,26,23,190,198
image19(2).jpg,254,198,military tank,11,24,165,79
image19(2).jpg,254,198,military tank,183,26,242,78
image19(2).jpg,254,198,military tank,12,91,169,157
image19(3).jpg,242,208,civilian aircraft,84,19,156,98
image19(3).jpg,242,208,civilian aircraft,150,34,233,96
image19(3).jpg,242,208,civilian aircraft,157,107,225,156
image19(3).jpg,242,208,civilian aircraft,87,108,153,157
image19(3).jpg,242,208,civilian aircraft,6,106,80,163
image19(3).jpg,242,208,military aircraft,16,24,69,89
image19(4).jpg,299,169,military truck,39,1,256,165
image19(5).jpg,275,183,military aircraft,2,46,246,142
image19(7).jpg,299,168,military helicopter,30,13,274,154
image19(8).jpg,259,194,civilian car,11,25,65,51
image19(8).jpg,259,194,civilian car,85,25,148,52
image19(8).jpg,259,194,civilian car,172,13,225,49
image19(8).jpg,259,194,civilian car,20,73,63,103
image19(8).jpg,259,194,civilian car,92,76,146,108
image19(8).jpg,259,194,civilian car,88,141,146,172
image19(8).jpg,259,194,civilian car,17,138,72,172
image19(9).jpg,268,188,civilian car,8,38,264,147
image19.jpg,284,178,military truck,12,14,73,70
image19.jpg,284,178,military truck,81,15,198,73
image19.jpg,284,178,military truck,12,87,129,148
image19.jpg,284,178,military truck,138,87,196,148
image19.jpg,284,178,military truck,210,14,271,142
image2 (2).jpg,289,175,military truck,25,30,258,152
image2(10).jpg,275,183,civilian aircraft,5,42,257,127
image2(11).jpg,237,213,civilian aircraft,13,13,218,184
image2(2).jpg,900,472,military helicopter,507,153,881,348
image2(3).jpg,241,209,military aircraft,63,12,179,203
image2(4).jpg,104,104,military truck,0,13,102,91
image2(5).jpg,104,104,military aircraft,0,5,103,94
image2(6).jpg,104,104,military helicopter,1,20,102,63
image2(7).jpg,202,249,military helicopter,18,17,180,210
image2.jpg,900,542,military tank,264,113,844,488
image20(1).jpg,289,174,military tank,92,35,270,162
image20(11).jpg,256,197,civilian aircraft,21,8,217,185
image20(2).jpg,254,198,military tank,12,25,167,79
image20(2).jpg,254,198,military tank,182,22,246,81
image20(2).jpg,254,198,military tank,10,89,167,159
image20(4).jpg,299,169,military truck,45,3,257,166
image20(5).jpg,259,194,military aircraft,71,111,205,160
image20(5).jpg,259,194,civilian aircraft,26,27,219,88
image20(6).jpg,275,183,military helicopter,4,44,244,131
image20(7).jpg,204,247,military helicopter,21,11,169,215
image20(8).jpg,300,168,civilian car,17,61,271,137
image20(9).jpg,293,172,civilian car,16,27,276,134
image20.jpg,262,192,military truck,8,29,255,151
image21(1).jpg,276,183,military tank,21,15,274,175
image21(11).jpg,256,197,civilian aircraft,19,11,217,186
image21(2).jpg,255,197,military tank,20,15,233,79
image21(2).jpg,255,197,military tank,19,91,237,176
image21(4).jpg,259,194,military truck,7,58,258,184
image21(5).jpg,259,194,military aircraft,74,112,210,161
image21(5).jpg,259,194,civilian aircraft,28,27,216,89
image21(6).jpg,275,183,military helicopter,2,45,257,136
image21(7).jpg,204,247,military helicopter,23,7,180,222
image21(9).jpg,293,172,civilian car,15,19,272,135
image22(1).jpg,276,183,military tank,18,14,271,180
image22(10).jpg,104,104,civilian aircraft,0,24,102,81
image22(11).jpg,256,197,civilian aircraft,10,16,247,184
image22(2).jpg,255,197,military tank,19,13,233,85
image22(2).jpg,255,197,military tank,18,89,241,177
image22(3).jpg,220,229,military aircraft,26,22,195,195
image22(4).jpg,288,175,military truck,22,27,245,160
image22(5).jpg,300,168,military aircraft,26,32,290,160
image22(6).jpg,273,184,military helicopter,1,15,264,169
image22(7).jpg,210,241,military helicopter,18,13,189,228
image22(8).jpg,299,168,civilian car,10,38,295,132
image22(9).jpg,225,225,civilian car,20,23,61,108
image22(9).jpg,225,225,civilian car,68,26,105,103
image22(9).jpg,225,225,civilian car,115,21,151,105
image22(9).jpg,225,225,civilian car,162,22,201,103
image22(9).jpg,225,225,civilian car,22,115,59,197
image22(9).jpg,225,225,civilian car,69,116,106,197
image22(9).jpg,225,225,civilian car,115,112,149,201
image22(9).jpg,225,225,civilian car,160,116,199,201
image23(1).jpg,300,168,military tank,7,43,212,114
image23(10).jpg,104,104,civilian aircraft,0,26,103,81
image23(11).jpg,220,229,civilian aircraft,25,20,192,195
image23(2).jpg,241,209,military tank,16,18,222,89
image23(2).jpg,241,209,military tank,16,96,230,183
image23(3).jpg,220,229,military tank,26,26,189,191
image23(4).jpg,288,175,military truck,14,27,248,162
image23(5).jpg,300,168,military aircraft,28,32,289,161
image23(6).jpg,273,184,military helicopter,1,17,263,170
image23(7).jpg,210,241,military helicopter,14,8,189,226
image23(8).jpg,299,168,civilian car,8,34,286,131
image23(9).jpg,225,225,civilian car,19,21,58,104
image23(9).jpg,225,225,civilian car,68,24,107,106
image23(9).jpg,225,225,civilian car,115,23,154,108
image23(9).jpg,225,225,civilian car,161,21,203,107
image23(9).jpg,225,225,civilian car,161,115,199,196
image23(9).jpg,225,225,civilian car,116,112,153,196
image23(9).jpg,225,225,civilian car,69,115,107,198
image23(9).jpg,225,225,civilian car,21,117,58,196
image24(1).jpg,275,183,military tank,34,10,242,163
image24(10).jpg,220,229,civilian aircraft,27,24,191,194
image24(2).jpg,244,207,military tank,17,27,226,89
image24(2).jpg,244,207,military tank,14,96,219,180
image24(3).jpg,300,168,military aircraft,60,33,247,141
image24(4).jpg,275,183,military truck,44,33,260,152
image24(5).jpg,284,177,military aircraft,17,49,276,129
image24(6).jpg,269,187,military helicopter,4,21,261,158
image24(8).jpg,225,225,civilian car,1,56,221,173
image24(9).jpg,104,104,civilian aircraft,1,13,103,72
image24.jpg,265,190,military truck,29,49,243,143
image25(1).jpg,275,183,military tank,37,9,243,159
image25(2).jpg,244,207,military tank,15,91,226,183
image25(2).jpg,244,207,military tank,18,30,221,87
image25(3).jpg,275,183,military truck,44,32,261,155
image25(4).jpg,276,182,military aircraft,5,52,253,134
image25(5).jpg,261,193,military helicopter,16,16,245,120
image25(6).jpg,281,179,civilian car,89,70,254,152
image25(7).jpg,225,225,civilian car,6,58,223,167
image25(8).jpg,104,104,civilian aircraft,1,12,104,73
image25(9).jpg,225,225,civilian aircraft,29,30,203,205
image25.jpg,265,190,military truck,31,47,242,141
image26(1).jpg,275,183,military tank,1,10,254,169
image26(2).jpg,240,210,military tank,14,106,213,188
image26(2).jpg,240,210,military tank,15,41,222,102
image26(3).jpg,225,225,military truck,7,58,215,163
image26(4).jpg,299,168,military aircraft,7,26,288,109
image26(5).jpg,311,162,military helicopter,3,2,166,94
image26(5).jpg,311,162,military helicopter,138,82,169,103
image26(5).jpg,311,162,military helicopter,165,51,239,82
image26(5).jpg,311,162,military truck,195,105,211,116
image26(5).jpg,311,162,military truck,148,112,156,122
image26(5).jpg,311,162,military truck,24,113,79,155
image26(6).jpg,281,179,civilian car,83,75,245,151
image26(7).jpg,300,168,civilian car,11,17,288,138
image26(8).jpg,312,162,civilian aircraft,5,39,310,122
image26.jpg,260,194,military truck,26,42,83,104
image26.jpg,260,194,military helicopter,82,40,220,119
image27(1).jpg,275,183,military tank,1,10,252,169
image27(2).jpg,240,210,military tank,11,104,217,194
image27(2).jpg,240,210,military tank,12,32,214,102
image27(3).jpg,276,183,military truck,22,10,263,172
image27(4).jpg,299,168,military aircraft,27,1,194,77
image27(5).jpg,311,162,military helicopter,3,3,143,100
image27(5).jpg,311,162,military helicopter,136,79,169,104
image27(5).jpg,311,162,military helicopter,166,48,245,83
image27(5).jpg,311,162,military truck,194,103,211,116
image27(5).jpg,311,162,military truck,144,111,156,122
image27(5).jpg,311,162,military truck,21,115,79,154
image27(7).jpg,300,168,civilian car,18,15,287,139
image27(8).jpg,312,162,civilian aircraft,5,29,308,123
image28(1).jpg,275,183,military tank,19,12,269,165
image28(2).jpg,258,195,military tank,13,79,241,168
image28(2).jpg,258,195,military tank,18,9,239,77
image28(3).jpg,275,183,military truck,17,11,264,166
image28(5).jpg,316,159,military helicopter,24,18,250,122
image28(7).jpg,225,225,civilian car,68,17,157,205
image28(8).jpg,279,180,civilian aircraft,1,11,274,170
image28(9).jpg,225,225,civilian aircraft,26,13,200,210
image28.jpg,251,201,military truck,16,56,234,158
image29(1).jpg,275,183,military tank,21,10,269,163
image29(2).jpg,258,195,military tank,17,79,242,173
image29(2).jpg,258,195,military tank,17,13,246,76
image29(3).jpg,275,183,military truck,20,12,263,168
image29(4).jpg,275,183,military aircraft,33,54,235,118
image29(5).jpg,316,159,military helicopter,29,33,253,118
image29(6).jpg,341,148,civilian car,124,28,330,135
image29(7).jpg,285,177,civilian car,17,18,268,143
image29(8).jpg,279,180,civilian aircraft,1,3,275,169
image29(9).jpg,225,225,civilian aircraft,24,14,202,213
image29.jpg,251,201,military truck,14,52,238,163
image3(1).jpg,104,104,military tank,1,21,103,99
image3(10).jpg,275,183,civilian aircraft,3,40,269,129
image3(2).jpg,250,202,military tank,97,6,158,178
image3(4).jpg,104,104,military truck,1,12,104,92
image3(6).jpg,104,104,military helicopter,1,20,99,65
image30(2).jpg,259,194,military truck,5,2,237,178
image30(3).jpg,275,183,military aircraft,38,53,233,122
image30(4).jpg,275,183,military helicopter,2,11,273,127
image30(6).jpg,285,177,civilian car,18,20,260,143
image30(7).jpg,277,182,civilian aircraft,25,90,253,133
image30(7).jpg,277,182,civilian aircraft,50,50,229,102
image30.jpg,271,186,military tank,10,55,262,158
image31(2).jpg,259,194,military truck,20,2,254,182
image31(3).jpg,275,183,military aircraft,14,118,130,152
image31(3).jpg,275,183,military aircraft,89,77,185,116
image31(3).jpg,275,183,military aircraft,150,50,226,79
image31(3).jpg,275,183,military aircraft,185,22,265,48
image31(4).jpg,275,183,military helicopter,1,5,271,121
image31(5).jpg,389,129,civilian car,51,78,116,114
image31(5).jpg,389,129,civilian car,113,78,171,115
image31(5).jpg,389,129,civilian car,169,80,217,112
image31(5).jpg,389,129,civilian car,232,67,328,122
image31(6).jpg,269,188,civilian car,26,30,242,132
image31(7).jpg,277,182,civilian aircraft,51,48,232,96
image31(7).jpg,277,182,civilian aircraft,22,91,261,131
image31.jpg,271,186,military tank,10,55,260,152
image32(1).jpg,275,183,military tank,17,86,254,173
image32(1).jpg,275,183,military tank,20,10,255,82
image32(2).jpg,266,189,military truck,2,22,252,156
image32(3).jpg,275,183,military aircraft,12,119,128,158
image32(3).jpg,275,183,military aircraft,88,80,184,115
image32(3).jpg,275,183,military aircraft,146,49,222,77
image32(3).jpg,275,183,military aircraft,187,23,263,50
image32(4).jpg,262,193,military helicopter,16,11,252,133
image32(6).jpg,225,225,civilian car,8,25,40,107
image32(6).jpg,225,225,civilian car,48,26,83,107
image32(6).jpg,225,225,civilian car,92,26,125,105
image32(6).jpg,225,225,civilian car,134,34,165,106
image32(6).jpg,225,225,civilian car,173,28,206,107
image32(6).jpg,225,225,civilian car,5,114,44,197
image32(6).jpg,225,225,civilian car,45,117,82,196
image32(6).jpg,225,225,civilian car,90,109,128,198
image32(6).jpg,225,225,civilian car,132,112,177,199
image32(6).jpg,225,225,civilian car,181,112,217,194
image32(7).jpg,346,146,civilian aircraft,10,37,329,128
image32.jpg,254,198,military tank,10,93,137,146
image32.jpg,254,198,military tank,126,34,216,76
image33(1).jpg,275,183,military tank,12,85,260,173
image33(1).jpg,275,183,military tank,15,11,253,81
